<?xml version="1.0" encoding="UTF-8" standalone="no" ?>
<COLLADA xmlns="http://www.collada.org/2005/11/COLLADASchema" version="1.4.1">
    <asset>
        <contributor>
            <authoring_tool>SketchUp 15.0.1</authoring_tool>
        </contributor>
        <created>2020-01-10T11:48:49Z</created>
        <modified>2020-01-10T11:48:49Z</modified>
        <unit meter="0.0254" name="inch" />
        <up_axis>Z_UP</up_axis>
    </asset>
    <library_cameras>
        <camera id="ID1" name="skp_camera_Last_Saved_SketchUp_View">
            <optics>
                <technique_common>
                    <perspective>
                        <yfov>35</yfov>
                        <aspect_ratio>0</aspect_ratio>
                        <znear>1</znear>
                        <zfar>1000</zfar>
                    </perspective>
                </technique_common>
            </optics>
        </camera>
        <camera id="ID2" name="skp_camera_Scene_1">
            <optics>
                <technique_common>
                    <perspective>
                        <yfov>35</yfov>
                        <aspect_ratio>0</aspect_ratio>
                        <znear>1</znear>
                        <zfar>1000</zfar>
                    </perspective>
                </technique_common>
            </optics>
        </camera>
    </library_cameras>
    <library_visual_scenes>
        <visual_scene id="ID3">
            <node name="SketchUp">
                <node name="skp_camera_Last_Saved_SketchUp_View">
                    <matrix>-0.8318368 -0.02730474 0.5543482 28.28882 0.5550203 -0.04092299 0.8308296 43.26728 1.040834e-17 0.9987891 0.04919593 21.62776 0 0 0 1</matrix>
                    <instance_camera url="#ID1" />
                </node>
                <node name="skp_camera_Scene_1">
                    <matrix>-0.8318368 -0.02730474 0.5543482 28.28882 0.5550203 -0.04092299 0.8308296 43.26728 1.040834e-17 0.9987891 0.04919593 21.62776 0 0 0 1</matrix>
                    <instance_camera url="#ID2" />
                </node>
                <node id="ID4" name="group_0">
                    <matrix>1 0 0 -5.438975 0 1 0 -8.799236 0 0 1 10.93307 0 0 0 1</matrix>
                    <node id="ID5" name="group_1">
                        <matrix>1 0 0 0 0 1 0 6.041109 0 0 1 8.284228 0 0 0 1</matrix>
                        <instance_geometry url="#ID6">
                            <bind_material>
                                <technique_common>
                                    <instance_material symbol="Material2" target="#ID7">
                                        <bind_vertex_input semantic="UVSET0" input_semantic="TEXCOORD" input_set="0" />
                                    </instance_material>
                                    <instance_material symbol="Material3" target="#ID18">
                                        <bind_vertex_input semantic="UVSET0" input_semantic="TEXCOORD" input_set="0" />
                                    </instance_material>
                                    <instance_material symbol="Material4" target="#ID19">
                                        <bind_vertex_input semantic="UVSET0" input_semantic="TEXCOORD" input_set="0" />
                                    </instance_material>
                                </technique_common>
                            </bind_material>
                        </instance_geometry>
                        <instance_geometry url="#ID25">
                            <bind_material>
                                <technique_common>
                                    <instance_material symbol="Material2" target="#ID7">
                                        <bind_vertex_input semantic="UVSET0" input_semantic="TEXCOORD" input_set="0" />
                                    </instance_material>
                                    <instance_material symbol="Material3" target="#ID18">
                                        <bind_vertex_input semantic="UVSET0" input_semantic="TEXCOORD" input_set="0" />
                                    </instance_material>
                                    <instance_material symbol="Material4" target="#ID19">
                                        <bind_vertex_input semantic="UVSET0" input_semantic="TEXCOORD" input_set="0" />
                                    </instance_material>
                                </technique_common>
                            </bind_material>
                        </instance_geometry>
                    </node>
                    <node id="ID35" name="group_2">
                        <matrix>1 0 0 0.2322799 0 1 0 6.212212 0 0 1 7.783464 0 0 0 1</matrix>
                        <instance_geometry url="#ID36">
                            <bind_material>
                                <technique_common>
                                    <instance_material symbol="Material2" target="#ID7">
                                        <bind_vertex_input semantic="UVSET0" input_semantic="TEXCOORD" input_set="0" />
                                    </instance_material>
                                    <instance_material symbol="Material3" target="#ID18">
                                        <bind_vertex_input semantic="UVSET0" input_semantic="TEXCOORD" input_set="0" />
                                    </instance_material>
                                    <instance_material symbol="Material4" target="#ID19">
                                        <bind_vertex_input semantic="UVSET0" input_semantic="TEXCOORD" input_set="0" />
                                    </instance_material>
                                </technique_common>
                            </bind_material>
                        </instance_geometry>
                    </node>
                    <node id="ID46" name="group_3">
                        <matrix>1 0 0 4.955773 0 1 0 4.218411 0 0 1 13.08912 0 0 0 1</matrix>
                        <instance_geometry url="#ID47">
                            <bind_material>
                                <technique_common>
                                    <instance_material symbol="Material2" target="#ID7">
                                        <bind_vertex_input semantic="UVSET0" input_semantic="TEXCOORD" input_set="0" />
                                    </instance_material>
                                    <instance_material symbol="Material3" target="#ID18">
                                        <bind_vertex_input semantic="UVSET0" input_semantic="TEXCOORD" input_set="0" />
                                    </instance_material>
                                    <instance_material symbol="Material4" target="#ID19">
                                        <bind_vertex_input semantic="UVSET0" input_semantic="TEXCOORD" input_set="0" />
                                    </instance_material>
                                    <instance_material symbol="Material5" target="#ID53">
                                        <bind_vertex_input semantic="UVSET0" input_semantic="TEXCOORD" input_set="0" />
                                    </instance_material>
                                </technique_common>
                            </bind_material>
                        </instance_geometry>
                    </node>
                    <node id="ID59" name="group_4">
                        <matrix>1 0 0 4.683067 0 1 0 4.793396 0 0 1 20.00787 0 0 0 1</matrix>
                        <instance_geometry url="#ID60">
                            <bind_material>
                                <technique_common>
                                    <instance_material symbol="Material2" target="#ID7">
                                        <bind_vertex_input semantic="UVSET0" input_semantic="TEXCOORD" input_set="0" />
                                    </instance_material>
                                    <instance_material symbol="Material3" target="#ID18">
                                        <bind_vertex_input semantic="UVSET0" input_semantic="TEXCOORD" input_set="0" />
                                    </instance_material>
                                    <instance_material symbol="Material4" target="#ID19">
                                        <bind_vertex_input semantic="UVSET0" input_semantic="TEXCOORD" input_set="0" />
                                    </instance_material>
                                </technique_common>
                            </bind_material>
                        </instance_geometry>
                    </node>
                    <node id="ID70" name="group_5">
                        <matrix>1 0 0 0.4074634 0 1 0 0 0 0 1 0 0 0 0 1</matrix>
                        <instance_geometry url="#ID71">
                            <bind_material>
                                <technique_common>
                                    <instance_material symbol="Material2" target="#ID7">
                                        <bind_vertex_input semantic="UVSET0" input_semantic="TEXCOORD" input_set="0" />
                                    </instance_material>
                                    <instance_material symbol="Material3" target="#ID18">
                                        <bind_vertex_input semantic="UVSET0" input_semantic="TEXCOORD" input_set="0" />
                                    </instance_material>
                                    <instance_material symbol="Material4" target="#ID19">
                                        <bind_vertex_input semantic="UVSET0" input_semantic="TEXCOORD" input_set="0" />
                                    </instance_material>
                                </technique_common>
                            </bind_material>
                        </instance_geometry>
                        <instance_geometry url="#ID81">
                            <bind_material>
                                <technique_common>
                                    <instance_material symbol="Material2" target="#ID18">
                                        <bind_vertex_input semantic="UVSET0" input_semantic="TEXCOORD" input_set="0" />
                                    </instance_material>
                                    <instance_material symbol="Material3" target="#ID82">
                                        <bind_vertex_input semantic="UVSET0" input_semantic="TEXCOORD" input_set="0" />
                                    </instance_material>
                                    <instance_material symbol="Material4" target="#ID19">
                                        <bind_vertex_input semantic="UVSET0" input_semantic="TEXCOORD" input_set="0" />
                                    </instance_material>
                                </technique_common>
                            </bind_material>
                        </instance_geometry>
                    </node>
                </node>
            </node>
        </visual_scene>
    </library_visual_scenes>
    <library_geometries>
        <geometry id="ID6">
            <mesh>
                <source id="ID12">
                    <float_array id="ID21" count="276">0.6149541 1.591507 1.353816 -0.05438975 1.151625 1.673409 0.6149541 1.151625 1.673409 0.6149541 1.151625 1.673409 -0.05438975 1.151625 1.673409 0.6149541 1.591507 1.353816 -0.05438975 1.151625 1.673409 0.6149541 1.151625 1.673409 0.6149541 1.591507 1.353816 -0.05438975 0.6079014 1.673409 -0.05438975 0.6079014 1.673409 -0.05438975 0.6079014 1.673409 -0.05438975 1.591507 1.353816 -0.05438975 1.591507 1.353816 -0.05438975 1.591507 1.353816 -0.05438975 1.151625 1.673409 -0.05438975 1.151625 1.065814e-14 -0.05438975 0.6079014 1.673409 -0.05438975 0.6079014 1.673409 -0.05438975 1.151625 1.065814e-14 -0.05438975 1.151625 1.673409 -0.05438975 1.151625 1.065814e-14 0.6149541 0.6079014 1.673409 0.6149541 0.6079014 1.673409 0.6149541 0.6079014 1.673409 -0.05438975 1.759526 0.8367045 -0.05438975 1.759526 0.8367045 -0.05438975 1.759526 0.8367045 -0.05438975 1.591507 0.3195927 -0.05438975 1.151625 1.673409 -0.05438975 1.591507 1.353816 -0.05438975 1.591507 1.353816 -0.05438975 1.151625 1.673409 -0.05438975 1.591507 0.3195927 -0.05438975 1.591507 0.3195927 -0.05438975 0.6079014 1.421085e-14 -0.05438975 0.6079014 1.421085e-14 -0.05438975 0.6079014 1.421085e-14 -0.05438975 1.591507 0.3195927 -0.05438975 1.151625 1.065814e-14 -0.05438975 1.151625 1.673409 -0.05438975 1.151625 1.673409 -0.05438975 1.151625 1.065814e-14 -0.05438975 1.591507 0.3195927 -0.05438975 0.1680198 1.353816 -0.05438975 0.1680198 1.353816 -0.05438975 0.1680198 1.353816 -0.05438975 1.759526 0.8367045 -0.05438975 1.591507 0.3195927 -0.05438975 1.591507 1.353816 -0.05438975 1.591507 1.353816 -0.05438975 1.591507 0.3195927 -0.05438975 1.759526 0.8367045 0.6149541 1.759526 0.8367045 0.6149541 1.759526 0.8367045 0.6149541 1.759526 0.8367045 0.6149541 0.6079014 1.065814e-14 -0.05438975 0.6079014 1.421085e-14 -0.05438975 1.151625 1.065814e-14 -0.05438975 1.151625 1.065814e-14 -0.05438975 0.6079014 1.421085e-14 0.6149541 0.6079014 1.065814e-14 0.6149541 0.6079014 1.065814e-14 -0.05438975 0.1680198 1.353816 -0.05438975 0.1680198 1.353816 0.6149541 1.151625 1.065814e-14 -0.05438975 1.591507 0.3195927 -0.05438975 1.591507 0.3195927 0.6149541 1.151625 1.065814e-14 0.6149541 1.151625 1.065814e-14 0.6149541 0.1680198 1.353816 0.6149541 0.1680198 1.353816 0.6149541 0.1680198 1.353816 0.6149541 0.1680198 0.3195927 0.6149541 0.1680198 0.3195927 0.6149541 0.1680198 0.3195927 -0.05438975 0.1680198 0.3195927 -0.05438975 0.1680198 0.3195927 -0.05438975 0.1680198 0.3195927 0.6149541 1.591507 0.3195927 0.6149541 1.591507 0.3195927 0.6149541 1.591507 0.3195927 0.6149541 0 0.8367045 0.6149541 0 0.8367045 0.6149541 0 0.8367045 -0.05438975 0.1680198 0.3195927 -0.05438975 0.1680198 0.3195927 -0.05438975 1.776357e-15 0.8367045 -0.05438975 1.776357e-15 0.8367045 -0.05438975 1.776357e-15 0.8367045 -0.05438975 1.776357e-15 0.8367045 -0.05438975 1.776357e-15 0.8367045</float_array>
                    <technique_common>
                        <accessor count="92" source="#ID21" stride="3">
                            <param name="X" type="float" />
                            <param name="Y" type="float" />
                            <param name="Z" type="float" />
                        </accessor>
                    </technique_common>
                </source>
                <source id="ID13">
                    <float_array id="ID22" count="276">1.829652e-15 0.809017 0.5877853 1.25798e-15 0.309017 0.9510565 -2.578838e-17 0.309017 0.9510565 2.578838e-17 -0.309017 -0.9510565 -1.25798e-15 -0.309017 -0.9510565 -1.829652e-15 -0.809017 -0.5877853 0 0 0 0 0 0 0 0 0 0 -0.309017 0.9510565 -0 0.309017 -0.9510565 0 0 0 3.132034e-15 0.809017 0.5877853 -3.132034e-15 -0.809017 -0.5877853 0 0 0 -1 6.33293e-31 1.867594e-15 -1 6.33293e-31 1.867594e-15 -1 6.33293e-31 1.867594e-15 1 -6.33293e-31 -1.867594e-15 1 -6.33293e-31 -1.867594e-15 1 -6.33293e-31 -1.867594e-15 0 0 0 1.458827e-17 -0.309017 0.9510565 -1.458827e-17 0.309017 -0.9510565 0 0 0 1.861429e-17 1 6.874257e-16 -1.861429e-17 -1 -6.874257e-16 0 0 0 -1 -7.789517e-16 1.734751e-15 -1 -7.789517e-16 1.734751e-15 -1 -7.789517e-16 1.734751e-15 1 7.789517e-16 -1.734751e-15 1 7.789517e-16 -1.734751e-15 1 7.789517e-16 -1.734751e-15 0 0 0 -1 6.33293e-31 1.867594e-15 1 -6.33293e-31 -1.867594e-15 0 0 0 -1 4.814186e-16 2.14427e-15 -1 4.814186e-16 2.14427e-15 -1 4.814186e-16 2.14427e-15 1 -4.814186e-16 -2.14427e-15 1 -4.814186e-16 -2.14427e-15 1 -4.814186e-16 -2.14427e-15 -2.541636e-16 -0.809017 0.5877853 2.541636e-16 0.809017 -0.5877853 0 0 0 -1 5.339014e-15 1.734751e-15 -1 5.339014e-15 1.734751e-15 -1 5.339014e-15 1.734751e-15 1 -5.339014e-15 -1.734751e-15 1 -5.339014e-15 -1.734751e-15 1 -5.339014e-15 -1.734751e-15 -3.696343e-30 1 -6.502675e-16 3.696343e-30 -1 6.502675e-16 0 0 0 -3.507083e-15 -0.309017 -0.9510565 -5.537855e-15 -0.309017 -0.9510565 -1.578535e-15 0.309017 -0.9510565 1.578535e-15 -0.309017 0.9510565 5.537855e-15 0.309017 0.9510565 3.507083e-15 0.309017 0.9510565 0 0 0 -1 6.33293e-31 1.867594e-15 1 -6.33293e-31 -1.867594e-15 -1.254591e-15 0.309017 -0.9510565 -1.818749e-15 0.809017 -0.5877853 1.818749e-15 -0.809017 0.5877853 1.254591e-15 -0.309017 0.9510565 0 0 0 1.481993e-17 -0.809017 0.5877853 -1.481993e-17 0.809017 -0.5877853 0 0 0 -4.818888e-15 -0.809017 -0.5877853 4.818888e-15 0.809017 0.5877853 0 0 0 -1 6.33293e-31 1.867594e-15 1 -6.33293e-31 -1.867594e-15 0 0 0 -3.073341e-15 0.809017 -0.5877853 3.073341e-15 -0.809017 0.5877853 0 0 0 -2.378034e-15 -1 1.653537e-15 2.378034e-15 1 -1.653537e-15 0 0 0 -5.277329e-15 -0.809017 -0.5877853 5.277329e-15 0.809017 0.5877853 -1 6.33293e-31 1.867594e-15 1 -6.33293e-31 -1.867594e-15 0 0 0 -2.638634e-15 -1 2.712545e-15 2.638634e-15 1 -2.712545e-15</float_array>
                    <technique_common>
                        <accessor count="92" source="#ID22" stride="3">
                            <param name="X" type="float" />
                            <param name="Y" type="float" />
                            <param name="Z" type="float" />
                        </accessor>
                    </technique_common>
                </source>
                <source id="ID14">
                    <Name_array id="ID24" count="0" />
                    <technique_common>
                        <accessor count="0" source="#ID24" stride="1">
                            <param name="skp_material" type="Name" />
                        </accessor>
                    </technique_common>
                </source>
                <source id="ID16">
                    <float_array id="ID23" count="168">0.8247883 0.2922477 0.8417321 0.306049 0.8248373 0.3061087 0.8243442 0.1675004 0.841239 0.16744 0.841288 0.181301 0.8247882 0.2922478 0.8416823 0.2921881 0.8417323 0.3060491 0.950406 0.348737 0.989996 0.378068 0.940876 0.361601 0.8243941 0.1813614 0.8243441 0.1675004 0.8412882 0.181301 0.8416821 0.292188 0.824788 0.2922477 0.8416331 0.278327 0.990146 0.362059 0.950406 0.348737 0.965678 0.34393 0.989996 0.378068 0.980467 0.390932 0.940876 0.361601 0.990146 0.362059 0.989996 0.378068 0.950406 0.348737 0.8243939 0.1813614 0.841288 0.181301 0.841337 0.195162 0.980858 0.34902 0.990146 0.362059 0.965678 0.34393 0.824788 0.2922477 0.824739 0.2783867 0.8416331 0.278327 0.8245911 0.2368054 0.8414852 0.2367451 0.8415352 0.2506051 0.940876 0.361601 0.980467 0.390932 0.940727 0.377608 0.8246402 0.2506654 0.841535 0.250605 0.841584 0.264466 0.8243939 0.1813614 0.841337 0.195162 0.8244429 0.1952224 0.8416331 0.278327 0.824739 0.2783867 0.8415841 0.264466 0.8245411 0.2229444 0.8414852 0.2367451 0.8245911 0.2368054 0.8245912 0.2368054 0.841535 0.250605 0.8246402 0.2506654 0.980467 0.390932 0.965195 0.395736 0.940727 0.377608 0.8246902 0.2645258 0.8246402 0.2506658 0.8415843 0.2644661 0.8413372 0.195162 0.8244931 0.2090834 0.8244431 0.1952224 0.824739 0.2783867 0.82469 0.2645257 0.8415841 0.264466 0.8245412 0.2229444 0.841436 0.222884 0.841485 0.236745 0.965195 0.395736 0.950016 0.390647 0.940727 0.377608 0.841337 0.195162 0.841386 0.209023 0.8244926 0.2090834 0.8413862 0.2090231 0.8414362 0.2228841 0.8245414 0.2229444 0.8413858 0.2090229 0.8245404 0.2229443 0.8244924 0.2090833</float_array>
                    <technique_common>
                        <accessor count="84" source="#ID23" stride="2">
                            <param name="S" type="float" />
                            <param name="T" type="float" />
                        </accessor>
                    </technique_common>
                </source>
                <vertices id="ID15">
                    <input semantic="POSITION" source="#ID12" />
                    <input semantic="NORMAL" source="#ID13" />
                </vertices>
                <triangles count="28" material="Material2">
                    <input offset="0" semantic="VERTEX" source="#ID15" />
                    <input offset="1" semantic="TEXCOORD" source="#ID16" />
                    <p>0 0 1 1 2 2 2 3 1 4 9 5 0 6 12 7 1 8 15 9 16 10 17 11 22 12 2 13 9 14 12 15 0 16 25 17 28 18 29 19 30 20 16 21 35 22 17 23 38 24 39 25 40 26 22 27 9 28 44 29 47 30 48 31 49 32 0 33 53 34 25 35 56 36 57 37 58 38 17 39 35 40 63 41 65 42 58 43 66 44 22 45 44 46 70 47 25 48 53 49 66 50 73 51 57 52 56 53 56 54 58 55 65 56 35 57 76 58 63 59 79 60 65 61 66 62 44 63 82 64 70 65 53 66 79 67 66 68 73 69 85 70 57 71 76 72 87 73 63 74 44 75 90 76 82 77 90 78 85 79 73 80 90 81 73 82 82 83</p>
                </triangles>
                <triangles count="28" material="Material3">
                    <input offset="0" semantic="VERTEX" source="#ID15" />
                    <p>3 4 5 10 4 3 4 13 5 18 19 20 10 3 23 26 5 13 31 32 33 18 36 19 41 42 43 45 10 23 50 51 52 26 54 5 59 60 61 64 36 18 67 59 68 71 45 23 67 54 26 61 60 74 68 59 61 64 77 36 67 68 80 71 83 45 67 80 54 60 86 74 64 88 77 83 91 45 74 86 91 83 74 91</p>
                </triangles>
                <lines count="47" material="Material4">
                    <input offset="0" semantic="VERTEX" source="#ID15" />
                    <p>6 7 7 8 6 8 11 6 11 7 14 8 6 14 21 11 21 6 11 24 24 7 14 27 8 27 34 6 34 14 21 37 37 11 34 21 46 11 46 24 27 34 8 55 55 27 37 62 21 62 37 46 21 69 34 69 46 72 72 24 55 34 62 75 37 75 69 62 37 78 78 46 34 81 81 69 84 72 46 84 55 81 78 75 78 89 89 46 89 84 89 75 75 84</p>
                </lines>
            </mesh>
        </geometry>
        <geometry id="ID25">
            <mesh>
                <source id="ID26">
                    <float_array id="ID31" count="288">10.93234 1.591507 1.353816 10.93234 1.759526 0.8367045 10.263 1.759526 0.8367045 10.263 1.759526 0.8367045 10.93234 1.759526 0.8367045 10.93234 1.591507 1.353816 10.93234 1.759526 0.8367045 10.93234 1.591507 1.353816 10.263 1.759526 0.8367045 10.93234 1.759526 0.8367045 10.93234 1.591507 1.353816 10.93234 1.591507 0.3195927 10.93234 1.591507 0.3195927 10.93234 1.591507 1.353816 10.93234 1.759526 0.8367045 10.93234 1.591507 0.3195927 10.263 1.591507 0.3195927 10.263 1.591507 0.3195927 10.263 1.591507 0.3195927 10.263 1.591507 1.353816 10.263 1.591507 1.353816 10.263 1.591507 1.353816 10.93234 1.591507 0.3195927 10.93234 1.591507 0.3195927 10.93234 1.591507 1.353816 10.93234 1.151625 0 10.93234 1.591507 0.3195927 10.93234 1.591507 0.3195927 10.93234 1.151625 0 10.93234 1.591507 1.353816 10.93234 1.151625 0 10.263 1.151625 1.673409 10.263 1.151625 1.673409 10.263 1.151625 1.673409 10.93234 1.151625 0 10.93234 1.151625 0 10.93234 1.591507 1.353816 10.93234 1.151625 1.673409 10.93234 1.151625 0 10.93234 1.151625 0 10.93234 1.151625 1.673409 10.93234 1.591507 1.353816 10.93234 1.151625 1.673409 10.93234 1.151625 1.673409 10.93234 1.151625 1.673409 10.263 1.151625 0 10.263 1.151625 0 10.263 1.151625 0 10.93234 1.151625 1.673409 10.93234 0.6079014 3.552714e-15 10.93234 1.151625 0 10.93234 1.151625 0 10.93234 0.6079014 3.552714e-15 10.93234 1.151625 1.673409 10.93234 0.6079014 3.552714e-15 10.263 0.6079014 1.673409 10.263 0.6079014 1.673409 10.263 0.6079014 1.673409 10.93234 0.6079014 3.552714e-15 10.93234 0.6079014 3.552714e-15 10.93234 1.151625 1.673409 10.93234 0.6079014 1.673409 10.93234 0.6079014 3.552714e-15 10.93234 0.6079014 3.552714e-15 10.93234 0.6079014 1.673409 10.93234 1.151625 1.673409 10.93234 0.6079014 1.673409 10.93234 0.6079014 1.673409 10.93234 0.6079014 1.673409 10.263 0.6079014 3.552714e-15 10.263 0.6079014 3.552714e-15 10.263 0.6079014 3.552714e-15 10.93234 0.1680198 0.3195927 10.93234 0.1680198 0.3195927 10.93234 0.1680198 0.3195927 10.263 0.1680198 1.353816 10.263 0.1680198 1.353816 10.263 0.1680198 1.353816 10.93234 0.1680198 0.3195927 10.93234 0.1680198 0.3195927 10.93234 0.1680198 1.353816 10.93234 0.1680198 1.353816 10.93234 0.1680198 1.353816 10.93234 0.1680198 1.353816 10.93234 0.1680198 1.353816 10.263 0.1680198 0.3195927 10.263 0.1680198 0.3195927 10.263 0.1680198 0.3195927 10.93234 1.776357e-15 0.8367045 10.93234 1.776357e-15 0.8367045 10.93234 1.776357e-15 0.8367045 10.93234 1.776357e-15 0.8367045 10.93234 1.776357e-15 0.8367045 10.263 0 0.8367045 10.263 0 0.8367045 10.263 0 0.8367045</float_array>
                    <technique_common>
                        <accessor count="96" source="#ID31" stride="3">
                            <param name="X" type="float" />
                            <param name="Y" type="float" />
                            <param name="Z" type="float" />
                        </accessor>
                    </technique_common>
                </source>
                <source id="ID27">
                    <float_array id="ID32" count="288">-4.704445e-16 0.809017 0.5877853 4.763693e-18 1 -3.715815e-17 1.096846e-17 1 -3.715815e-17 -1.096846e-17 -1 3.715815e-17 -4.763693e-18 -1 3.715815e-17 4.704445e-16 -0.809017 -0.5877853 0 0 0 0 0 0 0 0 0 1 8.008522e-15 -8.673755e-16 1 8.008522e-15 -8.673755e-16 1 8.008522e-15 -8.673755e-16 -1 -8.008522e-15 8.673755e-16 -1 -8.008522e-15 8.673755e-16 -1 -8.008522e-15 8.673755e-16 0 0 0 -4.312117e-16 0.809017 -0.5877853 4.312117e-16 -0.809017 0.5877853 0 0 0 1.096846e-17 0.809017 0.5877853 -1.096846e-17 -0.809017 -0.5877853 0 0 0 1.481993e-17 0.809017 -0.5877853 -1.481993e-17 -0.809017 0.5877853 1 6.301852e-16 -8.673755e-16 1 6.301852e-16 -8.673755e-16 1 6.301852e-16 -8.673755e-16 -1 -6.301852e-16 8.673755e-16 -1 -6.301852e-16 8.673755e-16 -1 -6.301852e-16 8.673755e-16 0 0 0 -3.696037e-16 0.309017 0.9510565 3.696037e-16 -0.309017 -0.9510565 0 0 0 -3.214151e-16 0.309017 -0.9510565 3.214151e-16 -0.309017 0.9510565 1 -3.894758e-16 -5.360675e-16 1 -3.894758e-16 -5.360675e-16 1 -3.894758e-16 -5.360675e-16 -1 3.894758e-16 5.360675e-16 -1 3.894758e-16 5.360675e-16 -1 3.894758e-16 5.360675e-16 0 0 0 -8.510167e-16 0.309017 0.9510565 8.510167e-16 -0.309017 -0.9510565 -7.736515e-16 0.309017 -0.9510565 7.736515e-16 -0.309017 0.9510565 0 0 0 1 1.649846e-15 -5.360675e-16 1 1.649846e-15 -5.360675e-16 1 1.649846e-15 -5.360675e-16 -1 -1.649846e-15 5.360675e-16 -1 -1.649846e-15 5.360675e-16 -1 -1.649846e-15 5.360675e-16 0 0 0 0 -0.309017 0.9510565 -0 0.309017 -0.9510565 0 0 0 5.367001e-30 -0.309017 -0.9510565 -5.367001e-30 0.309017 0.9510565 1 0 0 1 0 0 1 0 0 -1 -0 -0 -1 -0 -0 -1 -0 -0 0 0 0 4.81413e-16 -0.309017 0.9510565 -4.81413e-16 0.309017 -0.9510565 4.668247e-16 -0.309017 -0.9510565 -4.668247e-16 0.309017 0.9510565 0 0 0 1 0 0 -1 -0 -0 0 0 0 1.690582e-15 -0.809017 0.5877853 -1.690582e-15 0.809017 -0.5877853 0 0 0 1.697996e-15 -0.809017 -0.5877853 -1.697996e-15 0.809017 0.5877853 1 0 0 -1 -0 -0 0 0 0 2.1782e-15 -0.809017 0.5877853 -2.1782e-15 0.809017 -0.5877853 2.152411e-15 -0.809017 -0.5877853 -2.152411e-15 0.809017 0.5877853 0 0 0 1 0 0 -1 -0 -0 0 0 0 2.671539e-15 -1 -1.040428e-15 -2.671539e-15 1 1.040428e-15 2.652925e-15 -1 -1.040428e-15 -2.652925e-15 1 1.040428e-15 0 0 0</float_array>
                    <technique_common>
                        <accessor count="96" source="#ID32" stride="3">
                            <param name="X" type="float" />
                            <param name="Y" type="float" />
                            <param name="Z" type="float" />
                        </accessor>
                    </technique_common>
                </source>
                <source id="ID28">
                    <Name_array id="ID34" count="0" />
                    <technique_common>
                        <accessor count="0" source="#ID34" stride="1">
                            <param name="skp_material" type="Name" />
                        </accessor>
                    </technique_common>
                </source>
                <source id="ID30">
                    <float_array id="ID33" count="166">0.930038 0.301472 0.929887 0.31748 0.9103763 0.3172989 0.949506 0.445356 0.940217 0.432317 0.964685 0.450445 0.929887 0.31748 0.9102263 0.3333069 0.9103763 0.3172989 0.9300387 0.3014722 0.9103776 0.3172994 0.9105266 0.3012904 0.9298868 0.3174799 0.9297388 0.3334899 0.9402171 0.4323171 0.9799571 0.4456401 0.9646851 0.4504451 0.9300387 0.3014722 0.9105266 0.3012904 0.9106756 0.2852814 0.9295904 0.3494981 0.9102273 0.3333076 0.9297394 0.3334901 0.940217 0.432317 0.940367 0.416308 0.979957 0.44564 0.9300382 0.3014721 0.9106748 0.2852812 0.9301862 0.285463 0.92959 0.349498 0.9100779 0.3493169 0.9102269 0.3333069 0.940367 0.416308 0.989486 0.432777 0.979957 0.44564 0.9286944 0.4455502 0.909183 0.4453677 0.909332 0.4293596 0.92944 0.365507 0.9100779 0.3493169 0.92959 0.349498 0.940367 0.416308 0.949896 0.403445 0.989486 0.432777 0.9286947 0.4455503 0.9093323 0.4293595 0.9288437 0.4295413 0.92944 0.365507 0.9099279 0.3653259 0.9100779 0.3493169 0.949896 0.403445 0.989635 0.416768 0.989486 0.432777 0.928843 0.429541 0.9093316 0.4293592 0.9094816 0.4133502 0.929291 0.381516 0.9099279 0.3653259 0.92944 0.365507 0.949896 0.403445 0.965168 0.39864 0.989635 0.416768 0.928843 0.429541 0.9094816 0.4133502 0.928993 0.413532 0.9292908 0.3815159 0.9097795 0.3813334 0.9099275 0.3653264 0.965168 0.39864 0.980348 0.403728 0.989635 0.416768 0.9094823 0.4133505 0.9291427 0.3975253 0.9289937 0.4135323 0.9096296 0.3973435 0.9097796 0.3813335 0.929291 0.381516 0.9096306 0.3973435 0.9292917 0.3815163 0.9291427 0.3975253 0.9094821 0.4133502 0.9096301 0.3973432 0.9291422 0.3975251</float_array>
                    <technique_common>
                        <accessor count="83" source="#ID33" stride="2">
                            <param name="S" type="float" />
                            <param name="T" type="float" />
                        </accessor>
                    </technique_common>
                </source>
                <vertices id="ID29">
                    <input semantic="POSITION" source="#ID26" />
                    <input semantic="NORMAL" source="#ID27" />
                </vertices>
                <triangles count="28" material="Material2">
                    <input offset="0" semantic="VERTEX" source="#ID29" />
                    <input offset="1" semantic="TEXCOORD" source="#ID30" />
                    <p>0 0 1 1 2 2 9 3 10 4 11 5 1 6 16 7 2 8 0 9 2 10 19 11 1 12 22 13 16 7 24 14 25 15 26 16 0 17 19 18 31 19 34 20 16 21 22 22 36 23 37 24 38 25 0 26 31 27 43 28 34 29 45 30 16 31 48 32 49 33 50 34 43 35 31 36 55 37 58 38 45 39 34 40 60 41 61 42 62 43 43 44 55 45 67 46 58 47 69 48 45 49 61 50 72 51 62 52 67 53 55 54 75 55 78 56 69 57 58 58 61 59 80 60 72 61 67 62 75 63 83 64 78 65 85 66 69 67 80 68 88 69 72 70 75 71 91 72 83 73 93 74 85 75 78 76 93 77 78 78 91 79 75 80 93 81 91 82</p>
                </triangles>
                <triangles count="28" material="Material3">
                    <input offset="0" semantic="VERTEX" source="#ID29" />
                    <p>3 4 5 12 13 14 3 17 4 20 3 5 17 23 4 27 28 29 32 20 5 23 17 35 39 40 41 44 32 5 17 46 35 51 52 53 56 32 44 35 46 59 63 64 65 68 56 44 46 70 59 63 73 64 76 56 68 59 70 79 73 81 64 84 76 68 70 86 79 73 89 81 84 92 76 79 86 94 92 79 94 92 94 76</p>
                </triangles>
                <lines count="47" material="Material4">
                    <input offset="0" semantic="VERTEX" source="#ID29" />
                    <p>6 7 8 6 8 7 15 6 7 15 18 8 18 6 8 21 7 21 15 18 7 30 30 15 21 33 7 33 30 18 7 42 42 30 42 33 30 47 47 18 42 54 54 30 33 57 42 57 54 47 42 66 66 54 66 57 54 71 71 47 66 74 74 54 57 77 66 77 74 71 66 82 82 74 82 77 74 87 87 71 82 90 90 74 90 77 95 87 74 95 90 95 77 95</p>
                </lines>
            </mesh>
        </geometry>
        <geometry id="ID36">
            <mesh>
                <source id="ID37">
                    <float_array id="ID42" count="1008">0.1812825 1.417321 10.68198 0.1812825 0 10.68198 0.1812825 0.3149606 0 0.1812825 0.3149606 0 0.1812825 0 10.68198 0.1812825 1.417321 10.68198 0.1812825 0.3149606 0 0.1812825 0 10.68198 0.1812825 1.417321 10.68198 0.1812825 0 0.3149606 0.1812825 0 0.3149606 0.1812825 0 0.3149606 0.1812825 1.102361 0 0.1812825 1.102361 0 0.1812825 1.102361 0 0.3191818 0 11.37525 0.3191818 0 11.37525 0.3191818 0 11.37525 0.1812825 0 0.3149606 0 0 0.3149606 0.1812825 0.3149606 0 0.1812825 0.3149606 0 0 0 0.3149606 0.1812825 0 0.3149606 0 0 0.3149606 0.1812825 0 10.68198 0 0 0.3149606 0.1812825 0 0.3149606 0.1812825 0 0.3149606 0 0 0.3149606 0.1812825 0 10.68198 0.1812825 0.3149606 0 0 0.3149606 0 0.1812825 1.102361 0 0.1812825 1.102361 0 0 0.3149606 0 0.1812825 0.3149606 0 0 0.3149606 0 0.1812825 1.417321 0.3149606 0.1812825 1.417321 0.3149606 0.1812825 1.417321 0.3149606 0.3191818 1.417321 11.37525 0.3191818 1.417321 11.37525 0.3191818 1.417321 11.37525 0.3191818 0 11.37525 0 0 10.69984 0 0 10.69984 0.3191818 0 11.37525 0 0 10.69984 0.1812825 0.3149606 0 0 0 0.3149606 0 0.3149606 0 0 0.3149606 0 0 0 0.3149606 0.1812825 0.3149606 0 0 1.102361 0 0 1.102361 0 0 1.102361 0 0 1.417321 10.69984 0.1812825 1.417321 10.68198 0.1812825 1.417321 0.3149606 0.1812825 1.417321 0.3149606 0.1812825 1.417321 10.68198 0 1.417321 10.69984 0 1.417321 10.69984 0.1812825 1.102361 0 0 1.102361 0 0.1812825 1.417321 0.3149606 0.1812825 1.417321 0.3149606 0 1.102361 0 0.1812825 1.102361 0 0.7017716 0 11.94783 0.7017716 0 11.94783 0.7017716 0 11.94783 0.3191818 1.417321 11.37525 0.3191818 1.417321 11.37525 0.1484173 0 11.44598 0.1484173 0 11.44598 0.1484173 0 11.44598 0 1.417321 10.69984 0 0.3149606 0 0 0 0.3149606 0 0 0.3149606 0 0.3149606 0 0 1.417321 10.69984 0 0 10.69984 0 0 10.69984 0 1.102361 0 0 1.102361 0 0 1.417321 0.3149606 0 1.417321 0.3149606 0 1.417321 0.3149606 0 1.417321 0.3149606 0 1.417321 0.3149606 0.7017716 1.417321 11.94783 0.7017716 1.417321 11.94783 0.7017716 1.417321 11.94783 0.7017716 0 11.94783 0.7017716 0 11.94783 0.1484173 1.417321 11.44598 0.1484173 1.417321 11.44598 0.1484173 1.417321 11.44598 0.1484173 1.417321 11.44598 0.1484173 0 11.44598 0.1484173 0 11.44598 0.1484173 1.417321 11.44598 0 1.417321 0.3149606 0 1.417321 0.3149606 1.274358 1.417321 12.33042 1.274358 1.417321 12.33042 1.274358 1.417321 12.33042 0.7017716 1.417321 11.94783 0.7017716 1.417321 11.94783 0.5710742 0 12.07853 0.5710742 0 12.07853 0.5710742 0 12.07853 0.5710742 1.417321 12.07853 0.5710742 1.417321 12.07853 0.5710742 1.417321 12.07853 1.274358 1.417321 12.33042 0.5710742 1.417321 12.07853 0.5710742 1.417321 12.07853 1.274358 1.417321 12.33042 1.274358 0 12.33042 1.274358 0 12.33042 1.274358 0 12.33042 0.5710742 0 12.07853 0.5710742 0 12.07853 1.274358 0 12.33042 1.274358 0 12.33042 1.203625 1.417321 12.50119 1.203625 1.417321 12.50119 1.203625 1.417321 12.50119 1.967624 1.417321 12.46832 1.967624 1.417321 12.46832 1.967624 1.417321 12.46832 1.203625 0 12.50119 1.203625 0 12.50119 1.203625 0 12.50119 1.203625 0 12.50119 1.203625 0 12.50119 1.967624 1.417321 12.46832 1.967624 1.417321 12.46832 1.203625 1.417321 12.50119 1.203625 1.417321 12.50119 1.967624 0 12.46832 1.967624 0 12.46832 1.967624 0 12.46832 1.967624 0 12.46832 1.967624 0 12.46832 1.949769 1.417321 12.64961 1.949769 1.417321 12.64961 1.949769 1.417321 12.64961 1.949769 0 12.64961 1.949769 0 12.64961 1.949769 0 12.64961 8.445762 1.417321 12.46832 8.445762 1.417321 12.46832 8.445762 1.417321 12.46832 1.949769 0 12.64961 1.949769 0 12.64961 8.445762 1.417321 12.46832 8.445762 1.417321 12.46832 1.949769 1.417321 12.64961 1.949769 1.417321 12.64961 8.445762 0 12.46832 8.445762 0 12.46832 8.445762 0 12.46832 8.463617 0 12.64961 8.463617 0 12.64961 8.463617 0 12.64961 8.463617 1.417321 12.64961 8.463617 1.417321 12.64961 8.463617 1.417321 12.64961 8.463617 0 12.64961 8.463617 0 12.64961 8.445762 0 12.46832 8.445762 0 12.46832 9.139028 1.417321 12.33042 9.139028 1.417321 12.33042 9.139028 1.417321 12.33042 9.209761 1.417321 12.50119 9.209761 1.417321 12.50119 9.209761 1.417321 12.50119 8.463617 1.417321 12.64961 8.463617 1.417321 12.64961 9.209761 0 12.50119 9.209761 0 12.50119 9.209761 0 12.50119 9.139028 1.417321 12.33042 9.139028 1.417321 12.33042 9.139028 0 12.33042 9.139028 0 12.33042 9.139028 0 12.33042 9.209761 1.417321 12.50119 9.209761 0 12.50119 9.209761 0 12.50119 9.209761 1.417321 12.50119 9.139028 0 12.33042 9.139028 0 12.33042 9.842312 1.417321 12.07853 9.842312 1.417321 12.07853 9.842312 1.417321 12.07853 9.711614 1.417321 11.94783 9.711614 1.417321 11.94783 9.711614 1.417321 11.94783 9.842312 0 12.07853 9.842312 0 12.07853 9.842312 0 12.07853 9.842312 0 12.07853 9.842312 0 12.07853 9.842312 1.417321 12.07853 9.842312 1.417321 12.07853 9.711614 1.417321 11.94783 9.711614 1.417321 11.94783 9.711614 0 11.94783 9.711614 0 11.94783 9.711614 0 11.94783 9.711614 0 11.94783 9.711614 0 11.94783 10.26497 1.417321 11.44598 10.26497 1.417321 11.44598 10.26497 1.417321 11.44598 10.26497 1.417321 11.44598 10.26497 1.417321 11.44598 10.0942 0 11.37525 10.0942 0 11.37525 10.0942 0 11.37525 10.26497 0 11.44598 10.26497 0 11.44598 10.26497 0 11.44598 10.26497 0 11.44598 10.26497 0 11.44598 10.0942 1.417321 11.37525 10.0942 1.417321 11.37525 10.0942 1.417321 11.37525 10.0942 1.417321 11.37525 10.0942 1.417321 11.37525 10.0942 0 11.37525 10.0942 0 11.37525 10.41339 1.417321 10.69984 10.41339 1.417321 10.69984 10.41339 1.417321 10.69984 10.41339 1.417321 10.69984 10.41339 1.417321 10.69984 10.2321 0 10.68198 10.2321 0 10.68198 10.2321 0 10.68198 10.41339 0 10.69984 10.41339 0 10.69984 10.41339 0 10.69984 10.41339 0 10.69984 10.41339 0 10.69984 10.2321 1.417321 10.68198 10.2321 1.417321 10.68198 10.2321 1.417321 10.68198 10.2321 1.417321 10.68198 10.2321 1.417321 10.68198 10.2321 0 10.68198 10.2321 0 10.68198 10.41339 0.3149606 0 10.41339 0.3149606 0 10.41339 0.3149606 0 10.41339 1.417321 0.3149606 10.41339 1.417321 0.3149606 10.41339 1.417321 0.3149606 10.2321 0 0.3149606 10.2321 0 0.3149606 10.2321 0 0.3149606 10.2321 0 0.3149606 10.2321 0 0.3149606 10.41339 0.3149606 0 10.41339 0 0.3149606 10.41339 0 0.3149606 10.41339 0.3149606 0 10.41339 0 0.3149606 10.41339 0.3149606 0 10.41339 1.102361 0 10.41339 1.102361 0 10.41339 0.3149606 0 10.41339 1.102361 0 10.41339 1.102361 0 10.41339 1.417321 0.3149606 10.41339 1.417321 0.3149606 10.41339 1.102361 0 10.2321 1.417321 0.3149606 10.2321 1.417321 0.3149606 10.2321 1.417321 0.3149606 10.2321 0.3149606 0 10.2321 0 0.3149606 10.2321 0 0.3149606 10.2321 0.3149606 0 10.2321 0.3149606 0 10.41339 0 0.3149606 10.41339 0 0.3149606 10.41339 0 0.3149606 10.2321 0 0.3149606 10.41339 0.3149606 0 10.41339 0.3149606 0 10.2321 0 0.3149606 10.41339 0 0.3149606 10.41339 0.3149606 0 10.2321 0.3149606 0 10.41339 1.102361 0 10.41339 1.102361 0 10.2321 0.3149606 0 10.41339 0.3149606 0 10.41339 1.102361 0 10.2321 1.102361 0 10.41339 1.417321 0.3149606 10.41339 1.417321 0.3149606 10.2321 1.102361 0 10.41339 1.102361 0 10.2321 1.102361 0 10.2321 1.417321 0.3149606 10.2321 1.102361 0 10.2321 1.102361 0 10.2321 1.417321 0.3149606 10.41339 1.417321 0.3149606 10.2321 1.102361 0 10.2321 1.417321 0.3149606 10.2321 1.417321 0.3149606 10.2321 1.102361 0 10.41339 1.417321 0.3149606 10.2321 1.102361 0 10.2321 0.3149606 0 10.2321 0.3149606 0 10.2321 1.102361 0 10.41339 0.3149606 0 10.2321 0 0.3149606 10.2321 0.3149606 0 10.2321 0.3149606 0 10.2321 0 0.3149606 10.41339 0.3149606 0 10.2321 1.102361 0 10.2321 1.102361 0</float_array>
                    <technique_common>
                        <accessor count="336" source="#ID42" stride="3">
                            <param name="X" type="float" />
                            <param name="Y" type="float" />
                            <param name="Z" type="float" />
                        </accessor>
                    </technique_common>
                </source>
                <source id="ID38">
                    <float_array id="ID43" count="1008">0.9951847 0 -0.09801714 0.9951847 0 -0.09801714 1 0 0 -1 -0 -0 -0.9951847 -0 0.09801714 -0.9951847 -0 0.09801714 0 0 0 0 0 0 0 0 0 1 0 0 -1 -0 -0 0 0 0 1 0 0 -1 -0 -0 0 0 0 0.9238795 -2.679572e-17 -0.3826834 -0.9238795 2.679572e-17 0.3826834 0 0 0 0 -0.7071068 -0.7071068 0 -0.7071068 -0.7071068 0 -0.7071068 -0.7071068 -0 0.7071068 0.7071068 -0 0.7071068 0.7071068 -0 0.7071068 0.7071068 0 0 0 0 -1 0 0 -1 0 0 -1 0 -0 1 -0 -0 1 -0 -0 1 -0 0 0 -1 0 0 -1 0 0 -1 -0 -0 1 -0 -0 1 -0 -0 1 0 0 0 1 0 0 -1 -0 -0 0 0 0 0.9238795 -7.715393e-18 -0.3826834 -0.9238795 7.715393e-18 0.3826834 0 0 0 0 -1 0 0 -1 0 -0 1 -0 -0 1 -0 0 0 0 1.410984e-16 -0.7071068 -0.7071068 1.410984e-16 -0.7071068 -0.7071068 1.410984e-16 -0.7071068 -0.7071068 -1.410984e-16 0.7071068 0.7071068 -1.410984e-16 0.7071068 0.7071068 -1.410984e-16 0.7071068 0.7071068 0 0 -1 -0 -0 1 0 0 0 0 1 0 0 1 0 0 1 0 -0 -1 -0 -0 -1 -0 -0 -1 -0 0 0 0 0 0.7071068 -0.7071068 0 0.7071068 -0.7071068 0 0.7071068 -0.7071068 -0 -0.7071068 0.7071068 -0 -0.7071068 0.7071068 -0 -0.7071068 0.7071068 0.7071068 -1.522263e-17 -0.7071068 -0.7071068 1.522263e-17 0.7071068 0 0 0 0 1 0 -0 -1 -0 0 -1 0 -0 1 -0 0 0 0 -0.9951847 4.586055e-18 0.09801714 -1 0 0 -1 0 0 1 -0 -0 1 -0 -0 0.9951847 -4.586055e-18 -0.09801714 -0.9951847 4.586055e-18 0.09801714 0.9951847 -4.586055e-18 -0.09801714 -1 0 0 1 -0 -0 0 1 0 -0 -1 -0 0 0 0 0 0.7071068 -0.7071068 -0 -0.7071068 0.7071068 0.7071068 1.339786e-17 -0.7071068 -0.7071068 -1.339786e-17 0.7071068 0 0 0 0 -1 0 -0 1 -0 0 1 0 -0 -1 -0 0 0 0 -0.9238795 1.563147e-17 0.3826834 -0.9238795 1.563147e-17 0.3826834 0.9238795 -1.563147e-17 -0.3826834 0.9238795 -1.563147e-17 -0.3826834 -1 0 0 1 -0 -0 0.3826834 9.540164e-18 -0.9238795 -0.3826834 -9.540164e-18 0.9238795 0 0 0 0 1 0 -0 -1 -0 0 -1 0 -0 1 -0 0 0 0 -0.7071068 7.100599e-32 0.7071068 0.7071068 -7.100599e-32 -0.7071068 0 0 0 0 1 0 0 1 0 -0 -1 -0 -0 -1 -0 0.3826834 3.802788e-18 -0.9238795 -0.3826834 -3.802788e-18 0.9238795 0 0 0 -0.7071068 6.800574e-32 0.7071068 0.7071068 -6.800574e-32 -0.7071068 0 -1 0 -0 1 -0 0 1 0 -0 -1 -0 0 0 0 0.09801714 1.564563e-18 -0.9951847 -0.09801714 -1.564563e-18 0.9951847 0 0 0 -0.3826834 -1.563147e-17 0.9238795 0.3826834 1.563147e-17 -0.9238795 0 0 0 0 -1 0 -0 1 -0 0 1 0 -0 -1 -0 -0.3826834 -1.563147e-17 0.9238795 0.3826834 1.563147e-17 -0.9238795 0.09801714 5.312328e-18 -0.9951847 -0.09801714 -5.312328e-18 0.9951847 0 0 0 0 -1 0 -0 1 -0 0 1 0 -0 -1 -0 0 0 0 -0.09801714 -4.586055e-18 0.9951847 0.09801714 4.586055e-18 -0.9951847 0 0 0 -0.09801714 0 -0.9951847 0.09801714 -0 0.9951847 0 0 0 0 -1 0 -0 1 -0 0 1 0 -0 -1 -0 -0.09801714 -4.586055e-18 0.9951847 0.09801714 4.586055e-18 -0.9951847 -0.09801714 -3.747765e-18 -0.9951847 0.09801714 3.747765e-18 0.9951847 0 0 0 0 -1 0 -0 1 -0 0 0 0 0 1 0 -0 -1 -0 0 0 0 0.09801714 -4.586055e-18 0.9951847 -0.09801714 4.586055e-18 -0.9951847 0 -1 0 -0 1 -0 -0.3826834 2.520819e-17 -0.9238795 0.3826834 -2.520819e-17 0.9238795 0 0 0 0 1 0 -0 -1 -0 0 0 0 0.09801714 -4.586055e-18 0.9951847 -0.09801714 4.586055e-18 -0.9951847 0 -1 0 -0 1 -0 0 0 0 0 1 0 -0 -1 -0 -0.3826834 2.325072e-18 -0.9238795 0.3826834 -2.325072e-18 0.9238795 0 0 0 0.3826834 -4.653385e-18 0.9238795 0.3826834 -4.653385e-18 0.9238795 -0.3826834 4.653385e-18 -0.9238795 -0.3826834 4.653385e-18 -0.9238795 0 -1 0 -0 1 -0 0 1 0 -0 -1 -0 0 0 0 -0.7071068 3.816066e-17 -0.7071068 0.7071068 -3.816066e-17 0.7071068 0 0 0 0.7071068 -1.097808e-17 0.7071068 -0.7071068 1.097808e-17 -0.7071068 0 0 0 0 -1 0 -0 1 -0 0.7071068 -1.097808e-17 0.7071068 -0.7071068 1.097808e-17 -0.7071068 0 1 0 -0 -1 -0 -0.7071068 0 -0.7071068 0.7071068 -0 0.7071068 0 0 0 0 -1 0 -0 1 -0 0.9238795 -6.324699e-18 0.3826834 -0.9238795 6.324699e-18 -0.3826834 0 0 0 0 1 0 -0 -1 -0 -0.9238795 7.715393e-18 -0.3826834 0.9238795 -7.715393e-18 0.3826834 0 0 0 0 -1 0 -0 1 -0 0 0 0 0.9238795 -6.324699e-18 0.3826834 -0.9238795 6.324699e-18 -0.3826834 0 1 0 -0 -1 -0 0 0 0 -0.9238795 2.679572e-17 -0.3826834 0.9238795 -2.679572e-17 0.3826834 0 -1 0 -0 1 -0 0.9951847 1.10261e-17 0.09801714 -0.9951847 -1.10261e-17 -0.09801714 0 0 0 0 1 0 -0 -1 -0 -0.9951847 0 -0.09801714 0.9951847 -0 0.09801714 0 0 0 0 -1 0 -0 1 -0 0 0 0 0.9951847 -1.853992e-18 0.09801714 -0.9951847 1.853992e-18 -0.09801714 0 1 0 -0 -1 -0 0 0 0 -0.9951847 -4.518688e-20 -0.09801714 0.9951847 4.518688e-20 0.09801714 0 -1 0 -0 1 -0 1 3.292916e-31 -6.640687e-16 -1 -3.292916e-31 6.640687e-16 0 0 0 0 1 0 -0 -1 -0 0 0 0 -1 0 3.426938e-16 1 -0 -3.426938e-16 0 0 0 0 -1 0 -0 1 -0 1 -6.842091e-16 -6.842091e-16 1 -6.842091e-16 -6.842091e-16 -1 6.842091e-16 6.842091e-16 -1 6.842091e-16 6.842091e-16 0 0 0 1 -2.133813e-30 -6.640687e-16 1 -2.133813e-30 -6.640687e-16 -1 2.133813e-30 6.640687e-16 -1 2.133813e-30 6.640687e-16 0 0 0 1 6.842091e-16 -6.842091e-16 1 6.842091e-16 -6.842091e-16 -1 -6.842091e-16 6.842091e-16 -1 -6.842091e-16 6.842091e-16 0 1 0 -0 -1 -0 0 0 0 -1 3.014774e-16 3.014774e-16 -1 3.014774e-16 3.014774e-16 1 -3.014774e-16 -3.014774e-16 1 -3.014774e-16 -3.014774e-16 0 0 0 0 -1 0 -0 1 -0 1.410984e-16 -0.7071068 -0.7071068 1.410984e-16 -0.7071068 -0.7071068 1.410984e-16 -0.7071068 -0.7071068 -1.410984e-16 0.7071068 0.7071068 -1.410984e-16 0.7071068 0.7071068 -1.410984e-16 0.7071068 0.7071068 0 0 -1 0 0 -1 0 0 -1 -0 -0 1 -0 -0 1 -0 -0 1 -1.410984e-16 0.7071068 -0.7071068 -1.410984e-16 0.7071068 -0.7071068 -1.410984e-16 0.7071068 -0.7071068 1.410984e-16 -0.7071068 0.7071068 1.410984e-16 -0.7071068 0.7071068 1.410984e-16 -0.7071068 0.7071068 0 0 0 -1 -3.426938e-16 3.426938e-16 -1 -3.426938e-16 3.426938e-16 1 3.426938e-16 -3.426938e-16 1 3.426938e-16 -3.426938e-16 0 0.7071068 -0.7071068 0 0.7071068 -0.7071068 0 0.7071068 -0.7071068 -0 -0.7071068 0.7071068 -0 -0.7071068 0.7071068 -0 -0.7071068 0.7071068 -1 0 3.325894e-16 -1 0 3.325894e-16 1 -0 -3.325894e-16 1 -0 -3.325894e-16 0 -0.7071068 -0.7071068 0 -0.7071068 -0.7071068 0 -0.7071068 -0.7071068 -0 0.7071068 0.7071068 -0 0.7071068 0.7071068 -0 0.7071068 0.7071068 0 0 -1 -0 -0 1</float_array>
                    <technique_common>
                        <accessor count="336" source="#ID43" stride="3">
                            <param name="X" type="float" />
                            <param name="Y" type="float" />
                            <param name="Z" type="float" />
                        </accessor>
                    </technique_common>
                </source>
                <source id="ID39">
                    <Name_array id="ID45" count="0" />
                    <technique_common>
                        <accessor count="0" source="#ID45" stride="1">
                            <param name="skp_material" type="Name" />
                        </accessor>
                    </technique_common>
                </source>
                <source id="ID41">
                    <float_array id="ID44" count="638">0.596815 0.091751 0.596815 0.05562 0.869126 0.063649 0.869126 0.063649 0.861097 0.05562 0.596815 0.091751 0.869126 0.083722 0.596815 0.091751 0.578796 0.05562 0.596815 0.05562 0.015206 0.0051 0.018474 0.008368 0.007177 0.01313 0.282755 0.003746 0.018474 0.008368 0.018474 0.003746 0.005823 0.016397 0.010445 0.016397 0.005823 0.03647 0.596815 0.091751 0.869126 0.083722 0.861097 0.091751 0.578796 0.091751 0.578796 0.05562 0.596815 0.091751 0.301685 0.003746 0.283211 0.008368 0.283666 0.003746 0.007177 0.01313 0.018474 0.008368 0.010445 0.016397 0.283211 0.008368 0.018474 0.008368 0.282755 0.003746 0.005823 0.03647 0.010445 0.016397 0.010445 0.03647 0.283211 0.044499 0.282755 0.04912 0.018474 0.04912 0.007177 0.039738 0.010445 0.03647 0.015206 0.047767 0.578796 0.091751 0.56124 0.05562 0.578796 0.05562 0.301685 0.04912 0.283666 0.04912 0.283211 0.044499 0.302605 0.008368 0.283211 0.008368 0.283211 0.044499 0.010445 0.016397 0.018474 0.008368 0.283211 0.044499 0.018474 0.008368 0.283211 0.008368 0.283211 0.044499 0.010445 0.03647 0.018474 0.04912 0.018474 0.044499 0.015206 0.047767 0.010445 0.03647 0.018474 0.044499 0.56124 0.091751 0.56124 0.05562 0.578796 0.091751 0.321079 0.003746 0.302605 0.008368 0.303523 0.003746 0.302605 0.044499 0.301685 0.04912 0.283211 0.044499 0.302605 0.044499 0.283211 0.008368 0.302605 0.008368 0.283211 0.044499 0.283211 0.008368 0.302605 0.044499 0.018474 0.044499 0.010445 0.03647 0.283211 0.044499 0.543685 0.091751 0.56124 0.05562 0.56124 0.091751 0.321079 0.04912 0.303523 0.04912 0.302605 0.044499 0.321998 0.008368 0.302605 0.008368 0.321079 0.003746 0.302605 0.044499 0.302605 0.008368 0.321998 0.044499 0.340473 0.04912 0.322917 0.04912 0.321998 0.044499 0.543685 0.05562 0.56124 0.05562 0.543685 0.091751 0.321998 0.044499 0.321079 0.04912 0.302605 0.044499 0.321998 0.044499 0.302605 0.008368 0.321998 0.008368 0.340473 0.003746 0.321998 0.008368 0.322917 0.003746 0.341392 0.044499 0.340473 0.04912 0.321998 0.044499 0.525666 0.091751 0.543685 0.05562 0.543685 0.091751 0.341392 0.008368 0.321998 0.044499 0.321998 0.008368 0.341392 0.008368 0.321998 0.008368 0.340473 0.003746 0.341392 0.044499 0.360331 0.04912 0.342312 0.04912 0.341392 0.044499 0.321998 0.044499 0.341392 0.008368 0.525666 0.05562 0.543685 0.05562 0.525666 0.091751 0.341392 0.008368 0.342312 0.003746 0.360331 0.003746 0.360786 0.044499 0.360331 0.04912 0.341392 0.044499 0.360786 0.008368 0.341392 0.044499 0.341392 0.008368 0.360522 0.091751 0.525666 0.05562 0.525666 0.091751 0.360786 0.008368 0.341392 0.008368 0.360331 0.003746 0.360786 0.044499 0.526385 0.04912 0.361241 0.04912 0.360786 0.044499 0.341392 0.044499 0.360786 0.008368 0.360522 0.05562 0.525666 0.05562 0.360522 0.091751 0.360786 0.008368 0.361241 0.003746 0.526841 0.008368 0.526841 0.044499 0.526385 0.04912 0.360786 0.044499 0.526841 0.008368 0.360786 0.044499 0.360786 0.008368 0.526841 0.008368 0.361241 0.003746 0.526385 0.003746 0.342503 0.091751 0.360522 0.05562 0.360522 0.091751 0.526841 0.044499 0.546234 0.044499 0.527295 0.04912 0.526841 0.044499 0.360786 0.044499 0.526841 0.008368 0.526841 0.008368 0.527295 0.003746 0.546234 0.008368 0.546234 0.044499 0.545315 0.04912 0.527295 0.04912 0.342503 0.05562 0.360522 0.05562 0.342503 0.091751 0.546234 0.044499 0.526841 0.044499 0.546234 0.008368 0.546234 0.008368 0.526841 0.044499 0.526841 0.008368 0.546234 0.008368 0.527295 0.003746 0.545315 0.003746 0.546234 0.044499 0.565628 0.044499 0.547153 0.04912 0.324947 0.091751 0.342503 0.05562 0.342503 0.091751 0.565628 0.008368 0.546234 0.044499 0.546234 0.008368 0.546234 0.008368 0.547153 0.003746 0.565628 0.008368 0.565628 0.044499 0.546234 0.044499 0.565628 0.008368 0.547153 0.04912 0.565628 0.044499 0.564708 0.04912 0.324947 0.05562 0.342503 0.05562 0.324947 0.091751 0.547153 0.003746 0.564708 0.003746 0.565628 0.008368 0.565628 0.044499 0.565628 0.008368 0.585022 0.044499 0.565628 0.044499 0.585022 0.044499 0.566547 0.04912 0.324947 0.091751 0.307392 0.05562 0.324947 0.05562 0.565628 0.008368 0.566547 0.003746 0.585022 0.008368 0.585022 0.044499 0.565628 0.008368 0.585022 0.008368 0.566547 0.04912 0.585022 0.044499 0.584102 0.04912 0.307392 0.091751 0.307392 0.05562 0.324947 0.091751 0.566547 0.003746 0.584102 0.003746 0.585022 0.008368 0.585022 0.044499 0.585022 0.008368 0.604415 0.044499 0.585022 0.044499 0.604415 0.044499 0.585941 0.04912 0.307392 0.091751 0.289372 0.05562 0.307392 0.05562 0.585022 0.008368 0.585941 0.003746 0.604415 0.008368 0.604415 0.044499 0.585022 0.008368 0.604415 0.008368 0.585941 0.04912 0.604415 0.044499 0.60396 0.04912 0.289372 0.091751 0.289372 0.05562 0.307392 0.091751 0.585941 0.003746 0.60396 0.003746 0.604415 0.008368 0.604415 0.044499 0.604415 0.008368 0.877181 0.016397 0.604415 0.044499 0.869152 0.044499 0.60487 0.04912 0.2893722 0.09175107 0.02509102 0.05562004 0.2893722 0.05562004 0.604415 0.008368 0.60487 0.003746 0.869152 0.003746 0.877181 0.016397 0.604415 0.008368 0.869152 0.008368 0.604415 0.044499 0.877181 0.016397 0.877181 0.03647 0.604415 0.044499 0.877181 0.03647 0.869152 0.044499 0.60487 0.04912 0.869152 0.044499 0.869152 0.04912 0.289372 0.091751 0.017062 0.063649 0.025091 0.05562 0.604415 0.008368 0.869152 0.003746 0.869152 0.008368 0.869152 0.008368 0.87242 0.0051 0.877181 0.016397 0.877181 0.016397 0.881802 0.016397 0.877181 0.03647 0.877181 0.03647 0.880449 0.039738 0.869152 0.044499 0.025091 0.091751 0.017062 0.083722 0.289372 0.091751 0.869152 0.044499 0.880449 0.039738 0.87242 0.047767 0.289372 0.091751 0.017062 0.083722 0.017062 0.063649 0.877181 0.016397 0.87242 0.0051 0.880449 0.013129 0.877181 0.03647 0.881802 0.016397 0.881802 0.03647</float_array>
                    <technique_common>
                        <accessor count="319" source="#ID44" stride="2">
                            <param name="S" type="float" />
                            <param name="T" type="float" />
                        </accessor>
                    </technique_common>
                </source>
                <vertices id="ID40">
                    <input semantic="POSITION" source="#ID37" />
                    <input semantic="NORMAL" source="#ID38" />
                </vertices>
                <triangles count="108" material="Material2">
                    <input offset="0" semantic="VERTEX" source="#ID40" />
                    <input offset="1" semantic="TEXCOORD" source="#ID41" />
                    <p>0 0 1 1 2 2 2 3 1 1 9 4 0 5 2 3 12 6 0 7 15 8 1 9 18 10 19 11 20 12 25 13 26 14 27 15 31 16 32 17 33 18 0 19 12 20 38 21 41 22 15 23 0 24 44 25 45 26 25 27 49 28 50 29 51 30 45 31 26 32 25 33 33 34 32 35 55 36 58 37 59 38 60 39 65 40 66 41 67 42 41 43 71 44 15 45 74 46 59 47 58 48 76 49 45 50 44 25 79 51 80 52 81 53 79 54 81 55 85 56 79 57 87 58 80 52 58 51 60 59 89 60 67 61 66 62 92 63 94 64 71 65 41 66 97 67 76 68 44 69 99 70 74 71 58 72 102 73 85 74 103 75 79 76 85 77 102 78 106 79 87 80 79 81 108 82 71 83 94 84 111 85 74 86 99 87 113 88 76 89 97 90 102 91 103 92 116 93 119 94 111 95 120 96 123 97 71 98 108 99 120 100 111 101 99 102 116 103 103 104 126 105 128 106 113 107 97 108 130 109 119 110 120 111 133 112 123 113 108 114 136 115 116 116 126 117 139 118 113 119 128 120 130 121 141 122 119 123 143 124 116 125 136 126 145 127 123 128 133 129 139 130 128 131 148 132 150 133 141 134 130 135 153 136 143 137 136 138 156 139 145 140 133 141 159 142 139 143 148 144 150 145 161 146 141 147 163 148 143 149 153 150 165 151 145 152 156 153 159 154 148 155 168 156 171 157 161 158 150 159 174 160 163 161 153 162 168 163 148 164 176 165 178 166 165 167 156 168 171 169 181 170 161 171 184 172 163 173 174 174 168 175 176 176 186 177 181 178 189 179 161 180 191 181 165 182 178 183 194 184 184 185 195 186 195 187 184 188 174 189 186 190 176 191 198 192 181 193 200 194 189 195 203 196 191 197 178 198 206 199 194 200 195 201 186 202 198 203 209 204 211 205 194 206 206 207 189 208 200 209 213 210 215 211 191 212 203 213 198 214 218 215 209 216 211 217 206 218 220 219 200 220 223 221 213 222 203 223 225 224 215 225 209 226 218 227 228 228 220 229 206 230 231 231 213 232 223 233 233 234 236 235 225 236 203 237 218 238 238 239 228 240 220 241 231 242 240 243 223 244 243 245 233 246 236 247 245 248 225 249 228 250 238 251 248 252 240 253 231 254 251 255 233 256 243 257 253 258 256 259 245 260 236 261 238 262 258 263 248 264 240 265 251 266 260 267 243 268 263 269 253 270 256 271 266 272 245 273 248 274 258 275 269 276 271 277 251 278 272 279 240 280 276 281 277 282 240 283 281 284 282 285 253 286 263 287 285 288 256 289 288 290 289 291 248 292 269 293 293 294 295 295 296 296 297 297 301 298 302 299 303 300 307 301 308 302 309 303 314 304 315 305 256 306 318 307 319 308 320 309 256 310 324 311 325 312 328 313 329 314 330 315 303 316 302 317 334 318</p>
                </triangles>
                <triangles count="108" material="Material3">
                    <input offset="0" semantic="VERTEX" source="#ID40" />
                    <p>3 4 5 10 4 3 13 3 5 4 16 5 21 22 23 28 29 30 34 35 36 39 13 5 5 16 42 30 46 47 52 53 54 30 29 46 56 35 34 61 62 63 68 69 70 16 72 42 63 62 75 47 46 77 82 83 84 86 82 84 83 88 84 90 61 63 93 69 68 42 72 95 47 77 98 63 75 100 104 86 105 105 86 84 84 88 107 95 72 109 100 75 112 98 77 114 117 104 105 121 112 122 109 72 124 100 112 121 127 104 117 98 114 129 121 122 131 109 124 134 127 117 137 129 114 140 122 142 131 137 117 144 134 124 146 149 129 140 131 142 151 137 144 154 134 146 157 149 140 160 142 162 151 154 144 164 157 146 166 169 149 160 151 162 172 154 164 175 177 149 169 157 166 179 162 182 172 175 164 185 187 177 169 162 190 182 179 166 192 196 185 197 175 185 196 199 177 187 190 201 182 179 192 204 196 197 207 210 199 187 207 197 212 214 201 190 204 192 216 210 219 199 221 207 212 214 224 201 216 226 204 229 219 210 232 207 221 234 224 214 204 226 237 229 239 219 241 232 221 234 244 224 226 246 237 249 239 229 252 232 241 254 244 234 237 246 257 249 259 239 261 252 241 254 264 244 246 267 257 270 259 249 273 252 274 278 279 241 283 284 241 286 264 254 290 291 257 294 270 249 298 299 300 304 305 306 310 311 312 257 316 317 321 322 323 326 327 257 331 332 333 335 305 304</p>
                </triangles>
                <lines count="162" material="Material4">
                    <input offset="0" semantic="VERTEX" source="#ID40" />
                    <p>6 7 6 8 7 8 11 6 11 7 14 6 14 8 8 17 7 17 24 11 6 24 7 24 6 37 14 37 8 40 40 14 17 43 8 43 17 48 7 48 37 24 48 24 14 57 37 57 64 40 64 8 40 57 43 73 17 73 64 43 78 48 17 78 64 24 64 37 48 64 64 57 91 64 91 40 57 91 73 96 43 96 73 78 101 43 64 101 101 78 101 48 96 110 110 73 101 96 115 78 73 115 118 78 101 118 118 96 118 110 73 125 125 110 118 115 125 115 132 110 118 132 110 135 135 125 138 115 138 118 125 138 132 135 132 138 125 147 147 135 147 138 152 135 132 152 155 138 155 132 158 135 158 147 147 155 152 158 152 155 147 167 167 158 170 147 170 155 173 158 152 173 170 152 167 170 180 158 180 167 173 183 158 183 170 173 188 167 188 170 183 180 193 167 193 180 188 173 183 188 193 188 183 202 180 202 205 180 205 193 208 188 208 183 208 193 202 208 202 205 217 193 217 205 217 208 222 208 202 222 205 222 205 227 227 217 230 217 230 208 222 230 235 205 222 235 227 235 227 230 242 230 222 242 235 242 235 247 247 227 250 227 250 230 242 250 255 235 242 255 247 255 247 250 262 250 262 242 242 265 255 265 255 268 247 268 250 268 275 262 275 250 280 262 280 242 280 265 287 255 265 287 255 292 292 268 268 275 262 268 262 292 280 292 313 280 265 313 287 313 255 313 292 313</p>
                </lines>
            </mesh>
        </geometry>
        <geometry id="ID47">
            <mesh>
                <source id="ID48">
                    <float_array id="ID55" count="612">0.4831999 0.6874364 2.916418 0.4831999 0.6036383 3.580132 0.7824125 0.3955437 2.839627 0.7824125 0.3955437 2.839627 0.4831999 0.6036383 3.580132 0.4831999 0.6874364 2.916418 0.4831999 0.6036383 3.580132 0.4831999 0.6874364 2.916418 0.7824125 0.3955437 2.839627 0.1839873 0.3955437 2.839627 0.1839873 0.3955437 2.839627 0.1839873 0.3955437 2.839627 0.7824125 0.3018192 3.581963 0.7824125 0.3018192 3.581963 0.7824125 0.3018192 3.581963 0.7824125 0.6792556 2.147273 0.7824125 0.6792556 2.147273 0.7824125 0.6792556 2.147273 0.1839873 0.6792556 2.147273 0.1839873 0.6792556 2.147273 0.1839873 0.6792556 2.147273 0.1839873 0.3018192 3.581963 0.1839873 0.3018192 3.581963 0.1839873 0.3018192 3.581963 0.4831999 0.103651 2.762836 0.4831999 0.103651 2.762836 0.4831999 0.103651 2.762836 0.7824125 0.404543 4.323107 0.7824125 0.404543 4.323107 0.7824125 0.404543 4.323107 0.4831999 0.4174112 1.997154 0.4831999 0.4174112 1.997154 0.4831999 0.4174112 1.997154 0.4831999 0.9411 2.297392 0.4831999 0.9411 2.297392 0.4831999 0.9411 2.297392 0.1839873 0.404543 4.323107 0.1839873 0.404543 4.323107 0.1839873 0.404543 4.323107 0.4831999 0 3.583794 0.4831999 0 3.583794 0.4831999 0 3.583794 0.4831999 0.6954826 4.242781 0.4831999 0.6954826 4.242781 0.4831999 0.6954826 4.242781 0.4831999 0.1136035 4.403434 0.4831999 0.1136035 4.403434 0.4831999 0.1136035 4.403434 0.4831999 0.9196514 1.33953 0.4831999 0.9196514 1.33953 0.4831999 0.9196514 1.33953 0.7824125 1.133397 1.552628 0.7824125 1.133397 1.552628 0.7824125 1.133397 1.552628 0.1839873 1.133397 1.552628 0.1839873 1.133397 1.552628 0.1839873 1.133397 1.552628 0.7824125 0.696634 5.011969 0.7824125 0.696634 5.011969 0.7824125 0.696634 5.011969 0.4831999 0.4288626 5.146934 0.4831999 0.4288626 5.146934 0.4831999 0.4288626 5.146934 0.4831999 1.347143 1.765726 0.4831999 1.347143 1.765726 0.4831999 1.347143 1.765726 0.1839873 0.696634 5.011969 0.1839873 0.696634 5.011969 0.1839873 0.696634 5.011969 0.4831999 0.9644053 4.877003 0.4831999 0.9644053 4.877003 0.4831999 0.9644053 4.877003 0.4831999 1.559973 0.847422 0.4831999 1.559973 0.847422 0.4831999 1.559973 0.847422 0.7824125 1.726662 1.096685 0.7824125 1.726662 1.096685 0.7824125 1.726662 1.096685 0.1839873 1.726662 1.096685 0.1839873 1.726662 1.096685 0.1839873 1.726662 1.096685 0.7824125 1.067957 5.641813 0.7824125 1.067957 5.641813 0.7824125 1.067957 5.641813 0.4831999 0.7898456 5.75924 0.4831999 0.7898456 5.75924 0.4831999 0.7898456 5.75924 0.4831999 1.893351 1.345948 0.4831999 1.893351 1.345948 0.4831999 1.893351 1.345948 0.1839873 1.067957 5.641813 0.1839873 1.067957 5.641813 0.1839873 1.067957 5.641813 0.4831999 1.346068 5.524385 0.4831999 1.346068 5.524385 0.4831999 1.346068 5.524385 0.4831999 2.485825 0.312881 0.4831999 2.485825 0.312881 0.4831999 2.485825 0.312881 0.7824125 2.635431 0.5720067 0.7824125 2.635431 0.5720067 0.7824125 2.635431 0.5720067 0.1839873 2.635431 0.5720067 0.1839873 2.635431 0.5720067 0.1839873 2.635431 0.5720067 0.7824124 1.293894 6.469934 0.7824124 1.293894 6.469934 0.7824124 1.293894 6.469934 0.4831998 0.9946817 6.510018 0.4831998 0.9946817 6.510018 0.4831998 0.9946817 6.510018 0.4831999 2.785037 0.8311324 0.4831999 2.785037 0.8311324 0.4831999 2.785037 0.8311324 0.1839872 1.293894 6.469934 0.1839872 1.293894 6.469934 0.1839872 1.293894 6.469934 0.4831998 1.593107 6.429849 0.4831998 1.593107 6.429849 0.4831998 1.593107 6.429849 0.9663999 2.635431 0.5720067 0.7824125 2.635431 0.5720067 0.4831999 2.485825 0.312881 0.4831999 2.485825 0.312881 0.7824125 2.635431 0.5720067 0.9663999 2.635431 0.5720067 0.9663999 2.635431 0.5720067 0.4831999 2.785037 0.8311324 0.7824125 2.635431 0.5720067 0.9663999 2.635431 0.5720067 0.9663999 2.635431 0.5720067 0.7824125 2.635431 0.5720067 0.4831999 2.785037 0.8311324 0.4831999 2.877031 0.9904702 0.1839873 2.635431 0.5720067 0.4831999 2.785037 0.8311324 0.4831999 2.785037 0.8311324 0.1839873 2.635431 0.5720067 0.4831999 2.877031 0.9904702 0.4831999 2.877031 0.9904702 0.1839873 2.635431 0.5720067 4.440892e-16 2.635431 0.5720067 0.4831999 2.485825 0.312881 0.4831999 2.485825 0.312881 4.440892e-16 2.635431 0.5720067 0.1839873 2.635431 0.5720067 4.440892e-16 2.635431 0.5720067 0.7824124 1.293894 6.914815 0.7824124 1.293894 6.914815 0.7824124 1.293894 6.914815 0.4831998 0.9946817 6.914815 0.4831998 0.9946817 6.914815 0.4831998 0.9946817 6.914815 0.9663999 2.635431 0.5720067 0.4831999 2.485825 0.312881 0.4831999 2.393831 0.1535433 0.4831999 2.393831 0.1535433 0.4831999 2.485825 0.312881 0.9663999 2.635431 0.5720067 0.4831999 2.393831 0.1535433 0.4831999 2.877031 0.9904702 0.4831999 2.785037 0.8311324 0.9663999 2.635431 0.5720067 0.9663999 2.635431 0.5720067 0.4831999 2.785037 0.8311324 0.4831999 2.877031 0.9904702 0.4831999 2.877031 0.9904702 4.440892e-16 2.635431 0.5720067 0.1839873 2.635431 0.5720067 0.1839873 2.635431 0.5720067 4.440892e-16 2.635431 0.5720067 0.4831999 2.877031 0.9904702 4.440892e-16 2.635431 0.5720067 0.4831999 2.393831 0.1535433 0.4831999 2.485825 0.312881 0.4831999 2.485825 0.312881 0.4831999 2.393831 0.1535433 4.440892e-16 2.635431 0.5720067 0.1839872 1.293894 6.914815 0.1839872 1.293894 6.914815 0.1839872 1.293894 6.914815 0.4831998 1.593107 6.914815 0.4831998 1.593107 6.914815 0.4831998 1.593107 6.914815 0.4831999 2.659776 0 0.9663999 2.635431 0.5720067 0.4831999 2.393831 0.1535433 0.4831999 2.393831 0.1535433 0.9663999 2.635431 0.5720067 0.4831999 2.659776 0 0.4831999 2.659776 0 0.9663999 2.901376 0.4184634 0.4831999 2.877031 0.9904702 0.4831999 2.877031 0.9904702 0.9663999 2.901376 0.4184634 0.9663999 2.901376 0.4184634 0 2.901376 0.4184634 4.440892e-16 2.635431 0.5720067 4.440892e-16 2.635431 0.5720067 0 2.901376 0.4184634 0 2.901376 0.4184634 0.4831999 3.142976 0.8369268 0.4831999 3.142976 0.8369268 0.4831999 3.142976 0.8369268</float_array>
                    <technique_common>
                        <accessor count="204" source="#ID55" stride="3">
                            <param name="X" type="float" />
                            <param name="Y" type="float" />
                            <param name="Z" type="float" />
                        </accessor>
                    </technique_common>
                </source>
                <source id="ID49">
                    <float_array id="ID56" count="612">-9.971958e-09 0.9670934 0.2544217 -5.041738e-09 0.9999816 -0.006066268 0.9982685 -0.05688636 -0.01496557 -0.9982685 0.05688636 0.01496557 5.041738e-09 -0.9999816 0.006066268 9.971958e-09 -0.9670934 -0.2544217 0 0 0 0 0 0 0 0 0 -0.9982685 -0.05688637 -0.01496561 0.9982685 0.05688637 0.01496561 0 0 0 0.9982685 -0.05882091 0.0003568504 -0.9982685 0.05882091 -0.0003568504 0 0 0 0.9982685 -0.05103031 -0.02925633 -0.9982685 0.05103031 0.02925633 0 0 0 -0.9982685 -0.05103033 -0.02925637 0.9982685 0.05103033 0.02925637 0 0 0 -0.9982685 -0.05882092 0.0003568096 0.9982685 0.05882092 -0.0003568096 0 0 0 1.071574e-08 -0.9670934 -0.2544217 -1.071574e-08 0.9670934 0.2544217 0 0 0 0.9982685 -0.05670061 0.01565468 -0.9982685 0.05670061 -0.01565468 0 0 0 1.450213e-08 -0.867538 -0.4973709 -1.450213e-08 0.867538 0.4973709 0 0 0 -1.375835e-08 0.867538 0.4973709 1.375835e-08 -0.867538 -0.4973709 0 0 0 -0.9982685 -0.05670062 0.01565463 0.9982685 0.05670062 -0.01565463 0 0 0 5.785521e-09 -0.9999816 0.006066268 -5.785521e-09 0.9999816 -0.006066268 0 0 0 6.924478e-10 0.9639355 -0.266136 -6.924478e-10 -0.9639355 0.266136 0 0 0 5.133434e-11 -0.9639355 0.266136 -5.133434e-11 0.9639355 -0.266136 0 0 0 1.688367e-08 -0.7081783 -0.7060336 -1.688367e-08 0.7081783 0.7060336 0 0 0 0.9982685 -0.04165646 -0.04153029 -0.9982685 0.04165646 0.04153029 0 0 0 -0.9982685 -0.04165647 -0.04153032 0.9982685 0.04165647 0.04153032 0 0 0 0.9995625 -0.02641233 0.01331273 -0.9995625 0.02641233 -0.01331273 0 0 0 -4.703535e-09 -0.8929818 0.4500928 4.703535e-09 0.8929818 -0.4500928 0 0 0 -1.613989e-08 0.7081783 0.7060336 1.613989e-08 -0.7081783 -0.7060336 0 0 0 -0.9995625 -0.02641235 0.01331268 0.9995625 0.02641235 -0.01331268 0 0 0 5.072839e-09 0.8929818 -0.4500928 -5.072839e-09 -0.8929818 0.4500928 0 0 0 1.748204e-08 -0.5558854 -0.8312589 -1.748204e-08 0.5558854 0.8312589 0 0 0 0.9995625 -0.0164418 -0.0245867 -0.9995625 0.0164418 0.0245867 0 0 0 -0.9995625 -0.01644182 -0.02458674 0.9995625 0.01644182 0.02458674 0 0 0 0.998229 0.0548042 -0.02314006 -0.998229 -0.0548042 0.02314006 0 0 0 -6.710256e-09 -0.9212464 0.3889796 6.710256e-09 0.9212464 -0.3889796 0 0 0 -1.711273e-08 0.5558854 0.8312589 1.711273e-08 -0.5558854 -0.8312589 0 0 0 -0.9982289 0.05480419 -0.0231401 0.9982289 -0.05480419 0.0231401 0 0 0 1.091924e-09 0.9212464 -0.3889796 -1.091924e-09 -0.9212464 0.3889796 0 0 0 1.735646e-08 -0.5 -0.8660254 -1.735646e-08 0.5 0.8660254 0 0 0 1 8.678233e-09 1.503114e-08 -1 -8.678233e-09 -1.503114e-08 0 0 0 -1 -8.678232e-09 -1.503114e-08 1 8.678232e-09 1.503114e-08 0 0 0 0.998229 0.05896243 -0.007899042 -0.998229 -0.05896243 0.007899042 0 0 0 -3.465904e-09 -0.9911454 0.1327813 3.465904e-09 0.9911454 -0.1327813 0 0 0 -1.735647e-08 0.5 0.8660254 1.735647e-08 -0.5 -0.8660254 0 0 0 -0.998229 0.05896243 -0.007899055 0.998229 -0.05896243 0.007899055 0 0 0 -2.152429e-09 0.9911454 -0.1327813 2.152429e-09 -0.9911454 0.1327813 0 0 0 4.213511e-15 -0.8660254 0.5 4.213511e-15 -0.8660254 0.5 4.213511e-15 -0.8660254 0.5 -4.213511e-15 0.8660254 -0.5 -4.213511e-15 0.8660254 -0.5 -4.213511e-15 0.8660254 -0.5 0 0 0 3.469951e-15 -0.8660254 0.5 3.469951e-15 -0.8660254 0.5 3.469951e-15 -0.8660254 0.5 -3.469951e-15 0.8660254 -0.5 -3.469951e-15 0.8660254 -0.5 -3.469951e-15 0.8660254 -0.5 -2.478536e-15 -0.8660254 0.5 -2.478536e-15 -0.8660254 0.5 -2.478536e-15 -0.8660254 0.5 2.478536e-15 0.8660254 -0.5 2.478536e-15 0.8660254 -0.5 2.478536e-15 0.8660254 -0.5 0 0 0 4.213511e-15 -0.8660254 0.5 4.213511e-15 -0.8660254 0.5 4.213511e-15 -0.8660254 0.5 -4.213511e-15 0.8660254 -0.5 -4.213511e-15 0.8660254 -0.5 -4.213511e-15 0.8660254 -0.5 0 0 0 1 -1.599283e-15 -1.405279e-16 -1 1.599283e-15 1.405279e-16 0 0 0 -9.995519e-17 -1 5.047655e-18 9.995519e-17 1 -5.047655e-18 0 0 0 -3.801555e-16 -0.8660254 0.5 -3.801555e-16 -0.8660254 0.5 -3.801555e-16 -0.8660254 0.5 3.801555e-16 0.8660254 -0.5 3.801555e-16 0.8660254 -0.5 3.801555e-16 0.8660254 -0.5 0 0 0 -1.520622e-15 -0.8660254 0.5 -1.520622e-15 -0.8660254 0.5 -1.520622e-15 -0.8660254 0.5 1.520622e-15 0.8660254 -0.5 1.520622e-15 0.8660254 -0.5 1.520622e-15 0.8660254 -0.5 4.18171e-15 -0.8660254 0.5 4.18171e-15 -0.8660254 0.5 4.18171e-15 -0.8660254 0.5 -4.18171e-15 0.8660254 -0.5 -4.18171e-15 0.8660254 -0.5 -4.18171e-15 0.8660254 -0.5 0 -0.8660254 0.5 0 -0.8660254 0.5 0 -0.8660254 0.5 -0 0.8660254 -0.5 -0 0.8660254 -0.5 -0 0.8660254 -0.5 -1 -1.499328e-15 1.783817e-17 1 1.499328e-15 -1.783817e-17 0 0 0 -1.499328e-16 1 -4.284738e-17 1.499328e-16 -1 4.284738e-17 0 0 0 1.735646e-08 -0.5 -0.8660254 1 8.678233e-09 1.503114e-08 1.735646e-08 -0.5 -0.8660254 -1.735646e-08 0.5 0.8660254 -1 -8.678233e-09 -1.503114e-08 -1.735646e-08 0.5 0.8660254 0 0 0 1 8.678232e-09 1.503114e-08 -1.735646e-08 0.5 0.8660254 1.735646e-08 -0.5 -0.8660254 -1 -8.678232e-09 -1.503114e-08 0 0 0 -1 -8.678234e-09 -1.503114e-08 -1 -8.678234e-09 -1.503114e-08 1 8.678234e-09 1.503114e-08 1 8.678234e-09 1.503114e-08 0 0 0 -1.735646e-08 0.5 0.8660254 1.735646e-08 -0.5 -0.8660254 0 0 0</float_array>
                    <technique_common>
                        <accessor count="204" source="#ID56" stride="3">
                            <param name="X" type="float" />
                            <param name="Y" type="float" />
                            <param name="Z" type="float" />
                        </accessor>
                    </technique_common>
                </source>
                <source id="ID50">
                    <Name_array id="ID58" count="0" />
                    <technique_common>
                        <accessor count="0" source="#ID58" stride="1">
                            <param name="skp_material" type="Name" />
                        </accessor>
                    </technique_common>
                </source>
                <source id="ID52">
                    <float_array id="ID57" count="564">0.122347 0.508071 0.141943 0.507099 0.122689 0.519671 0.122712 0.552335 0.122783 0.540713 0.142536 0.552785 0.141943 0.507099 0.142182 0.519125 0.122689 0.519671 0.122347 0.508071 0.122689 0.519671 0.103614 0.520063 0.122712 0.552335 0.103886 0.540506 0.122783 0.540713 0.142536 0.552785 0.122783 0.540713 0.142538 0.540755 0.142182 0.519125 0.122832 0.530159 0.141943 0.507099 0.162106 0.51889 0.142182 0.519125 0.103614 0.520063 0.122689 0.519671 0.103849 0.530201 0.103441 0.508911 0.122347 0.508071 0.103614 0.520063 0.103843 0.55175 0.103886 0.540506 0.122712 0.552335 0.103886 0.540506 0.103849 0.530201 0.122783 0.540713 0.142536 0.552785 0.142538 0.540755 0.162298 0.540538 0.122832 0.530159 0.142538 0.540755 0.142182 0.519125 0.142432 0.529929 0.122832 0.530159 0.103849 0.530201 0.122689 0.519671 0.122832 0.530159 0.16179 0.507067 0.162106 0.51889 0.141943 0.507099 0.162106 0.51889 0.162185 0.52972 0.142182 0.519125 0.084992 0.53044 0.103614 0.520063 0.103849 0.530201 0.085073 0.520207 0.103441 0.508911 0.103614 0.520063 0.085071 0.54066 0.103886 0.540506 0.103843 0.55175 0.084992 0.53044 0.103849 0.530201 0.122832 0.530159 0.122783 0.540713 0.162298 0.540538 0.142538 0.540755 0.162185 0.52972 0.162158 0.5523 0.142536 0.552785 0.162298 0.540538 0.142538 0.540755 0.122832 0.530159 0.142432 0.529929 0.162185 0.52972 0.142432 0.529929 0.182288 0.518099 0.162106 0.51889 0.16179 0.507067 0.182658 0.529544 0.162185 0.52972 0.162106 0.51889 0.085073 0.520207 0.103614 0.520063 0.084992 0.53044 0.085431 0.509317 0.103441 0.508911 0.085073 0.520207 0.085555 0.551668 0.085071 0.54066 0.103843 0.55175 0.085071 0.54066 0.084992 0.53044 0.103886 0.540506 0.142538 0.540755 0.142432 0.529929 0.162185 0.52972 0.182658 0.529544 0.162298 0.540538 0.162185 0.52972 0.18247 0.540986 0.162158 0.5523 0.162298 0.540538 0.18138 0.506165 0.182288 0.518099 0.16179 0.507067 0.182288 0.518099 0.182658 0.529544 0.162106 0.51889 0.064975 0.530361 0.085073 0.520207 0.084992 0.53044 0.065651 0.518941 0.085431 0.509317 0.085073 0.520207 0.065557 0.541959 0.085071 0.54066 0.085555 0.551668 0.064975 0.530361 0.084992 0.53044 0.085071 0.54066 0.18247 0.540986 0.162298 0.540538 0.182658 0.529544 0.181731 0.552873 0.162158 0.5523 0.18247 0.540986 0.203344 0.516066 0.182288 0.518099 0.18138 0.506165 0.203907 0.529384 0.182658 0.529544 0.182288 0.518099 0.065651 0.518941 0.085073 0.520207 0.064975 0.530361 0.06752 0.507883 0.085431 0.509317 0.065651 0.518941 0.06737 0.55317 0.065557 0.541959 0.085555 0.551668 0.065557 0.541959 0.064975 0.530361 0.085071 0.54066 0.203907 0.529384 0.18247 0.540986 0.182658 0.529544 0.203459 0.542618 0.181731 0.552873 0.18247 0.540986 0.20249 0.503563 0.203344 0.516066 0.18138 0.506165 0.203344 0.516066 0.203907 0.529384 0.182288 0.518099 0.026088 0.530199 0.065651 0.518941 0.064975 0.530361 0.028267 0.510864 0.06752 0.507883 0.065651 0.518941 0.028671 0.549478 0.065557 0.541959 0.06737 0.55317 0.026088 0.530199 0.064975 0.530361 0.065557 0.541959 0.203459 0.542618 0.18247 0.540986 0.203907 0.529384 0.20288 0.555122 0.181731 0.552873 0.203459 0.542618 0.20249 0.503563 0.229552 0.515643 0.203344 0.516066 0.203344 0.516066 0.229581 0.529261 0.203907 0.529384 0.028267 0.510864 0.065651 0.518941 0.026088 0.530199 0.042214 0.499179 0.06752 0.507883 0.028267 0.510864 0.040245 0.56171 0.028671 0.549478 0.06737 0.55317 0.028671 0.549478 0.026088 0.530199 0.065557 0.541959 0.203459 0.542618 0.203907 0.529384 0.229581 0.529261 0.20288 0.555122 0.203459 0.542618 0.229685 0.542814 0.229942 0.502815 0.229552 0.515643 0.20249 0.503563 0.229552 0.515643 0.229581 0.529261 0.203344 0.516066 0.023628 0.507951 0.028267 0.510864 0.026088 0.530199 0.042214 0.499179 0.028267 0.510864 0.023628 0.507951 0.040298 0.567394 0.028671 0.549478 0.040245 0.56171 0.028671 0.549478 0.024359 0.552132 0.026088 0.530199 0.229685 0.542814 0.203459 0.542618 0.229581 0.529261 0.230242 0.555427 0.20288 0.555122 0.229685 0.542814 0.229942 0.502815 0.243083 0.516839 0.229552 0.515643 0.242242 0.529425 0.229581 0.529261 0.229552 0.515643 0.023628 0.507951 0.026088 0.530199 0.019245 0.530759 0.042474 0.490015 0.042214 0.499179 0.023628 0.507951 0.040298 0.567394 0.024359 0.552132 0.028671 0.549478 0.024359 0.552132 0.019245 0.530759 0.026088 0.530199 0.242758 0.541644 0.229685 0.542814 0.229581 0.529261 0.230242 0.555427 0.229685 0.542814 0.244079 0.553772 0.244349 0.504267 0.229942 0.502815 0.242242 0.529425 0.229552 0.515643 0.243083 0.516839 0.242758 0.541644 0.229581 0.529261 0.242242 0.529425 0.005713 0.530665 0.023628 0.507951 0.019245 0.530759 0.013077 0.502023 0.042474 0.490015 0.023628 0.507951 0.015358 0.558461 0.024359 0.552132 0.040298 0.567394 0.005713 0.530665 0.019245 0.530759 0.024359 0.552132 0.244079 0.553772 0.229685 0.542814 0.242758 0.541644 0.013077 0.502023 0.023628 0.507951 0.005713 0.530665 0.033044 0.481041 0.042474 0.490015 0.013077 0.502023 0.032768 0.575217 0.015358 0.558461 0.040298 0.567394 0.015358 0.558461 0.005713 0.530665 0.024359 0.552132</float_array>
                    <technique_common>
                        <accessor count="282" source="#ID57" stride="2">
                            <param name="S" type="float" />
                            <param name="T" type="float" />
                        </accessor>
                    </technique_common>
                </source>
                <vertices id="ID51">
                    <input semantic="POSITION" source="#ID48" />
                    <input semantic="NORMAL" source="#ID49" />
                </vertices>
                <triangles count="96" material="Material2">
                    <input offset="0" semantic="VERTEX" source="#ID51" />
                    <input offset="1" semantic="TEXCOORD" source="#ID52" />
                    <p>0 0 1 1 2 2 0 3 9 4 1 5 1 6 12 7 2 8 0 9 2 10 15 11 0 12 18 13 9 14 1 15 9 16 21 17 2 8 12 18 24 19 1 20 27 21 12 22 15 23 2 24 30 25 33 26 0 27 15 28 33 29 18 30 0 31 18 32 30 33 9 34 1 35 21 36 36 37 9 16 24 38 21 39 12 40 39 41 24 42 30 43 2 44 24 45 42 46 27 47 1 48 27 49 45 50 12 51 48 52 15 53 30 54 51 55 33 56 15 57 54 58 18 59 33 60 48 61 30 33 18 59 30 62 24 63 9 64 36 65 21 66 45 67 42 68 1 69 36 70 21 71 24 72 39 73 12 7 45 74 39 75 57 76 27 77 42 78 60 79 45 80 27 81 51 82 15 83 48 84 63 85 33 86 51 87 63 88 54 89 33 90 54 91 48 92 18 93 21 94 39 95 45 96 60 97 36 98 45 99 66 100 42 101 36 102 69 103 57 104 42 105 57 106 60 107 27 108 72 109 51 110 48 111 75 112 63 113 51 114 78 115 54 116 63 117 72 118 48 119 54 120 66 121 36 122 60 123 69 124 42 125 66 126 81 127 57 128 69 129 84 130 60 131 57 132 75 133 51 134 72 135 87 136 63 137 75 138 87 139 78 140 63 141 78 142 72 143 54 144 84 145 66 146 60 147 90 148 69 149 66 150 93 151 81 152 69 153 81 154 84 155 57 156 96 157 75 158 72 159 99 160 87 161 75 162 102 163 78 164 87 165 96 166 72 167 78 168 90 169 66 170 84 171 93 172 69 173 90 174 93 175 105 176 81 177 81 178 108 179 84 180 99 181 75 182 96 183 111 184 87 185 99 186 111 187 102 188 87 189 102 190 96 191 78 192 90 193 84 194 108 195 93 196 90 197 114 198 117 199 105 200 93 201 105 202 108 203 81 204 120 205 121 206 122 207 127 208 128 209 129 210 133 211 134 212 135 213 140 214 141 215 142 216 114 217 90 218 108 219 117 220 93 221 114 222 117 223 147 224 105 225 150 226 108 227 105 228 153 229 154 230 155 231 160 232 161 233 162 234 166 235 167 236 168 237 172 238 173 239 174 240 178 241 114 242 108 243 117 244 114 245 181 246 181 247 147 224 117 248 150 249 105 250 147 251 178 252 108 253 150 254 184 255 185 256 186 257 191 258 192 259 185 260 196 261 197 262 192 263 184 264 186 265 197 266 181 267 114 268 178 269 191 270 185 271 184 272 201 273 192 274 191 275 201 276 196 277 192 278 196 279 184 280 197 281</p>
                </triangles>
                <triangles count="96" material="Material3">
                    <input offset="0" semantic="VERTEX" source="#ID51" />
                    <p>3 4 5 4 10 5 3 13 4 16 3 5 10 19 5 22 10 4 25 13 3 13 28 4 31 3 16 16 5 34 5 19 34 10 31 19 37 22 4 22 25 10 25 40 13 25 3 31 4 28 43 13 46 28 31 16 49 16 34 52 34 19 55 19 31 49 10 25 31 46 22 37 37 4 43 40 25 22 40 46 13 43 28 58 28 46 61 49 16 52 52 34 64 34 55 64 19 49 55 46 40 22 46 37 61 37 43 67 43 58 70 28 61 58 49 52 73 52 64 76 64 55 79 55 49 73 61 37 67 67 43 70 70 58 82 58 61 85 73 52 76 76 64 88 64 79 88 55 73 79 61 67 85 67 70 91 70 82 94 58 85 82 73 76 97 76 88 100 88 79 103 79 73 97 85 67 91 91 70 94 82 106 94 85 109 82 97 76 100 100 88 112 88 103 112 79 97 103 109 85 91 115 91 94 94 106 118 82 109 106 123 124 125 130 131 132 136 137 138 143 144 145 109 91 115 115 94 118 106 148 118 106 109 151 156 157 158 163 164 165 169 170 171 175 176 177 109 115 179 182 115 118 118 148 182 148 106 151 151 109 179 187 188 189 188 193 194 193 198 199 198 187 189 179 115 182 189 188 194 194 193 202 193 199 202 198 189 199</p>
                </triangles>
                <lines count="100" material="Material4">
                    <input offset="0" semantic="VERTEX" source="#ID51" />
                    <p>6 7 8 7 7 11 14 8 14 6 8 17 11 20 6 23 23 11 26 8 29 14 32 17 7 35 17 35 35 20 20 32 38 23 11 26 26 41 41 14 32 26 29 44 44 6 47 29 50 32 17 53 20 56 38 47 44 38 23 41 41 47 59 29 47 62 50 53 35 65 53 65 65 56 56 50 68 38 59 71 71 44 62 59 74 50 53 77 56 80 68 62 71 68 83 59 62 86 74 77 65 89 77 89 89 80 80 74 92 68 83 95 95 71 86 83 98 74 77 101 80 104 92 86 95 92 107 83 86 110 101 98 89 113 113 101 104 113 98 104 116 92 107 119 119 95 110 107 101 126 113 139 146 104 116 110 119 116 149 107 110 152 126 159 159 98 139 126 146 139 159 146 180 116 183 119 149 183 152 149 180 152 190 159 126 195 200 146 183 180 190 195 139 203 195 203 203 200 200 190</p>
                </lines>
                <lines count="48" material="Material5">
                    <input offset="0" semantic="VERTEX" source="#ID51" />
                    <p>8 6 6 11 17 7 7 20 26 14 6 29 32 8 11 32 38 6 23 26 14 47 50 17 53 35 35 56 20 50 47 23 44 59 29 62 62 38 68 44 74 53 77 65 65 80 56 74 71 83 59 86 86 68 92 71 98 77 101 89 89 104 80 98 95 107 83 110 110 92 116 95 126 98 126 113 104 139 98 146 119 149 107 152 180 110 183 116 190 126 195 139 139 200 146 190</p>
                </lines>
            </mesh>
        </geometry>
        <geometry id="ID60">
            <mesh>
                <source id="ID61">
                    <float_array id="ID66" count="660">0.9501238 1.316651 0 0.5616872 0.1211664 0 0.5616872 1.316651 0 0.5616872 1.316651 0 0.5616872 0.1211664 0 0.9501238 1.316651 0 0.9501238 1.316651 0 0.5616872 1.316651 0 0.5616872 0.1211664 0 0.5616872 1.316651 0.4330709 0.9501238 1.316651 0 0.5616872 1.316651 0 0.5616872 1.316651 0 0.9501238 1.316651 0 0.5616872 1.316651 0.4330709 0.5616872 1.316651 0.4330709 0.9501238 0.1211664 0 0.9501238 0.1211664 0 0.9501238 0.1211664 0 0.2474354 0.3494837 0 0.2474354 0.3494837 0 0.2474354 0.3494837 0 0.2474354 1.088334 0.4330709 0.2474354 1.088334 0.4330709 0.2474354 1.088334 0.4330709 0.9501238 1.316651 0.4330709 0.9501238 1.316651 0.4330709 0.9501238 1.316651 0.4330709 1.264376 1.088334 0 1.264376 1.088334 0 1.264376 1.088334 0 0.9501238 0.1211664 0.4330709 0.5616872 0.1211664 0 0.9501238 0.1211664 0 0.9501238 0.1211664 0 0.5616872 0.1211664 0 0.9501238 0.1211664 0.4330709 0.9501238 0.1211664 0.4330709 0.2474354 1.088334 0 0.2474354 1.088334 0 0.2474354 1.088334 0 0.5616872 0.1211664 0.4330709 0.2474354 0.3494837 0 0.2474354 0.3494837 0 0.5616872 0.1211664 0.4330709 0.5616872 0.1211664 0.4330709 0.2474354 1.088334 0 0.2474354 1.088334 0 0.5616872 1.316651 0.4330709 0.2474354 1.088334 0.4330709 0.5223179 2.918133 0.4330709 0.5223179 2.918133 0.4330709 0.2474354 1.088334 0.4330709 0.5616872 1.316651 0.4330709 0.5223179 2.918133 0.4330709 1.264376 1.088334 0 1.264376 1.088334 0 0.9894932 2.918133 0.4330709 0.9501238 1.316651 0.4330709 0.9501238 1.316651 0.4330709 0.9894932 2.918133 0.4330709 0.9894932 2.918133 0.4330709 1.264376 0.3494837 0 1.264376 0.3494837 0 1.264376 0.3494837 0 1.264376 0.3494837 0.4330709 1.264376 0.3494837 0.4330709 1.264376 0.3494837 0.4330709 0.1274019 0.7189089 0 0.1274019 0.7189089 0 0.1274019 0.7189089 0 0.2474354 0.3494837 0.4330709 0.2474354 0.3494837 0.4330709 0.2474354 0.3494837 0.4330709 0.1274019 0.7189089 0 0.1274019 0.7189089 0 0.1443651 2.643534 0.4330709 0.1443651 2.643534 0.4330709 0.1443651 2.643534 0.4330709 1.264376 1.088334 0.4330709 1.264376 1.088334 0.4330709 1.264376 1.088334 0.4330709 1.264376 1.088334 0.4330709 1.264376 1.088334 0.4330709 1.384409 0.7189089 0 1.384409 0.7189089 0 1.384409 0.7189089 0 1.264376 0.3494837 0 1.264376 0.3494837 0 1.264376 0.3494837 0.4330709 0.9894932 0 0.4330709 0.9501238 0.1211664 0.4330709 0.9501238 0.1211664 0.4330709 0.9894932 0 0.4330709 1.264376 0.3494837 0.4330709 0.9894932 0 0.4330709 0.5616872 0.1211664 0.4330709 0.5616872 0.1211664 0.4330709 0.1274019 0.7189089 0.4330709 0.1274019 0.7189089 0.4330709 0.1274019 0.7189089 0.4330709 0.5223179 0 0.4330709 0.2474354 0.3494837 0.4330709 0.2474354 0.3494837 0.4330709 0.5223179 0 0.4330709 0.5223179 0 0.4330709 0.1443651 2.643534 1.881887 0.5223179 2.918133 0.4330709 0.1443651 2.643534 0.4330709 0.1443651 2.643534 0.4330709 0.5223179 2.918133 0.4330709 0.1443651 2.643534 1.881887 0.1443651 2.643534 1.881887 0.1274019 0.7189089 0.4330709 0.1274019 0.7189089 0.4330709 0.5223179 2.918133 1.881887 0.9894932 2.918133 0.4330709 0.9894932 2.918133 0.4330709 0.5223179 2.918133 1.881887 0.5223179 2.918133 1.881887 1.384409 0.7189089 0.4330709 1.384409 0.7189089 0.4330709 1.384409 0.7189089 0.4330709 1.367446 2.643534 0.4330709 1.367446 2.643534 0.4330709 1.367446 2.643534 0.4330709 1.384409 0.7189089 0 1.384409 0.7189089 0 1.367446 0.2745988 0.4330709 1.367446 0.2745988 0.4330709 1.367446 0.2745988 0.4330709 0.1443651 0.2745988 0.4330709 0.1443651 0.2745988 0.4330709 0.1443651 0.2745988 0.4330709 0 2.199224 0.4330709 0 2.199224 0.4330709 0 2.199224 0.4330709 1.332268e-15 0.7189089 0.4330709 1.332268e-15 0.7189089 0.4330709 1.332268e-15 0.7189089 0.4330709 0.9894932 2.918133 1.881887 0.9894932 2.918133 1.881887 0.9894932 2.918133 1.881887 1.384409 0.7189089 0.4330709 1.384409 0.7189089 0.4330709 1.367446 2.643534 0.4330709 1.367446 2.643534 0.4330709 1.367446 0.2745988 1.881887 0.9894932 0 0.4330709 1.367446 0.2745988 0.4330709 1.367446 0.2745988 0.4330709 0.9894932 0 0.4330709 1.367446 0.2745988 1.881887 1.367446 0.2745988 1.881887 0.9894932 0 1.881887 0.5223179 0 0.4330709 0.5223179 0 0.4330709 0.9894932 0 1.881887 0.9894932 0 1.881887 0.5223179 0 1.881887 0.1443651 0.2745988 0.4330709 0.1443651 0.2745988 0.4330709 0.5223179 0 1.881887 0.5223179 0 1.881887 0 2.199224 0.4330709 0 2.199224 0.4330709 0 2.199224 1.881887 0 2.199224 1.881887 0 2.199224 1.881887 0.5223179 2.918133 1.881887 0.1443651 2.643534 1.881887 0.1443651 0.2745988 1.881887 0.1443651 0.2745988 1.881887 0.1443651 2.643534 1.881887 0.5223179 2.918133 1.881887 0.1443651 0.2745988 1.881887 0.9894932 2.918133 1.881887 0.5223179 0 1.881887 0.5223179 0 1.881887 0.9894932 2.918133 1.881887 1.511811 2.199224 0.4330709 1.511811 2.199224 0.4330709 1.511811 2.199224 0.4330709 1.367446 2.643534 1.881887 1.367446 2.643534 1.881887 1.367446 2.643534 1.881887 1.511811 0.7189089 0.4330709 1.511811 0.7189089 0.4330709 1.511811 0.7189089 0.4330709 1.511811 0.7189089 0.4330709 1.511811 0.7189089 0.4330709 1.332268e-15 0.7189089 0.4330709 1.332268e-15 0.7189089 1.881887 1.332268e-15 0.7189089 1.881887 1.332268e-15 0.7189089 0.4330709 1.332268e-15 0.7189089 1.881887 0.1443651 0.2745988 1.881887 0.1443651 0.2745988 1.881887 0 2.199224 1.881887 1.332268e-15 0.7189089 1.881887 1.332268e-15 0.7189089 1.881887 0 2.199224 1.881887 0.9894932 0 1.881887 0.9894932 0 1.881887 1.511811 2.199224 1.881887 1.511811 2.199224 0.4330709 1.511811 2.199224 0.4330709 1.511811 2.199224 1.881887 1.511811 2.199224 1.881887 1.367446 2.643534 1.881887 1.367446 2.643534 1.881887 1.511811 0.7189089 1.881887 1.511811 0.7189089 1.881887 1.511811 0.7189089 1.881887 1.367446 0.2745988 1.881887 1.367446 0.2745988 1.881887 1.511811 2.199224 1.881887 1.511811 2.199224 1.881887 1.511811 0.7189089 1.881887 1.511811 0.7189089 1.881887</float_array>
                    <technique_common>
                        <accessor count="220" source="#ID66" stride="3">
                            <param name="X" type="float" />
                            <param name="Y" type="float" />
                            <param name="Z" type="float" />
                        </accessor>
                    </technique_common>
                </source>
                <source id="ID62">
                    <float_array id="ID67" count="660">0 0 -1 0 0 -1 0 0 -1 -0 -0 1 -0 -0 1 -0 -0 1 0 0 0 0 0 0 0 0 0 -0.309017 0.9510565 4.293655e-32 0.309017 0.9510565 -2.987716e-17 -0.309017 0.9510565 1.597098e-17 0.309017 -0.9510565 -1.597098e-17 -0.309017 -0.9510565 2.987716e-17 0.309017 -0.9510565 -4.293655e-32 0 0 0 0 0 -1 -0 -0 1 0 0 0 0 0 -1 -0 -0 1 0 0 0 -0.809017 0.5877853 2.573548e-17 0.809017 -0.5877853 -2.573548e-17 0 0 0 0.309017 0.9510565 -1.390618e-17 -0.309017 -0.9510565 1.390618e-17 0 0 0 0 0 -1 -0 -0 1 0 0 0 0.309017 -0.9510565 2.987716e-17 -0.309017 -0.9510565 2.987716e-17 0.309017 -0.9510565 1.390618e-17 -0.309017 0.9510565 -1.390618e-17 0.309017 0.9510565 -2.987716e-17 -0.309017 0.9510565 -2.987716e-17 0 0 0 0 0 -1 -0 -0 1 0 0 0 -0.309017 -0.9510565 1.390618e-17 -0.809017 -0.5877853 2.385253e-18 0.809017 0.5877853 -2.385253e-18 0.309017 0.9510565 -1.390618e-17 0 0 0 -0.809017 0.5877853 5.529219e-17 0.809017 -0.5877853 -5.529219e-17 0 0 -1 0 0 -1 0 0 -1 -0 -0 1 -0 -0 1 -0 -0 1 0 0 0 0.809017 0.5877853 -3.263468e-18 -0.809017 -0.5877853 3.263468e-18 0 0 -1 0 0 -1 -0 -0 1 -0 -0 1 0 0 0 0 0 -1 -0 -0 1 0 0 0 0.809017 -0.5877853 1.597098e-17 -0.809017 0.5877853 -1.597098e-17 0 0 0 0 0 -1 -0 -0 1 0 0 0 -0.809017 -0.5877853 0 0.809017 0.5877853 -0 0 0 0 -1 0 -1.18293e-17 1 -0 1.18293e-17 0 0 -1 -0 -0 1 0 0 0 0.809017 0.5877853 1.270751e-17 -0.809017 -0.5877853 -1.270751e-17 0 0 0 0 0 -1 -0 -0 1 0 0 -1 -0 -0 1 0 0 0 0.809017 -0.5877853 0 -0.809017 0.5877853 -0 0 0 -1 0 0 -1 0 0 -1 -0 -0 1 -0 -0 1 -0 -0 1 0 0 0 0 0 -1 -0 -0 1 -1 -1.857907e-17 -1.18293e-17 1 1.857907e-17 1.18293e-17 0 0 0 0 0 -1 0 0 -1 -0 -0 1 -0 -0 1 0 0 0 -0.809017 0.5877853 -9.482656e-18 -0.309017 0.9510565 4.450158e-18 -0.809017 0.5877853 7.381956e-18 0.809017 -0.5877853 -7.381956e-18 0.309017 -0.9510565 -4.450158e-18 0.809017 -0.5877853 9.482656e-18 0 0 0 0 0 -1 -0 -0 1 -0.309017 0.9510565 -7.381956e-18 0.309017 0.9510565 -7.381956e-18 -0.309017 -0.9510565 7.381956e-18 0.309017 -0.9510565 7.381956e-18 0 0 0 1 3.344233e-16 1.270751e-17 -1 -3.344233e-16 -1.270751e-17 0 0 0 0 0 -1 -0 -0 1 0 0 0 1 2.972652e-16 1.270751e-17 -1 -2.972652e-16 -1.270751e-17 0 0 -1 -0 -0 1 0 0 0 0 0 -1 -0 -0 1 0 0 0 -0.9876883 0.1564345 -1.20072e-18 0.9876883 -0.1564345 1.20072e-18 0 0 0 0 0 -1 -0 -0 1 0 0 0 0.309017 0.9510565 -7.381956e-18 -0.309017 -0.9510565 7.381956e-18 0 0 0 0 0 -1 -0 -0 1 0.809017 0.5877853 -7.381956e-18 -0.809017 -0.5877853 7.381956e-18 0.809017 -0.5877853 -5.032499e-18 0.309017 -0.9510565 0 0.809017 -0.5877853 0 -0.809017 0.5877853 -0 -0.309017 0.9510565 -0 -0.809017 0.5877853 5.032499e-18 0 0 0 0.309017 -0.9510565 0 -0.309017 -0.9510565 7.381956e-18 0.309017 0.9510565 -7.381956e-18 -0.309017 0.9510565 -0 0 0 0 -0.309017 -0.9510565 -4.450158e-18 -0.809017 -0.5877853 4.450158e-18 0.809017 0.5877853 -4.450158e-18 0.309017 0.9510565 4.450158e-18 0 0 0 0 0 -1 -0 -0 1 -0.9876883 0.1564345 -6.046571e-18 0.9876883 -0.1564345 6.046571e-18 0 0 0 0 0 1 0 0 1 0 0 1 -0 -0 -1 -0 -0 -1 -0 -0 -1 0 0 0 0 0 1 0 0 1 -0 -0 -1 -0 -0 -1 0 0 -1 -0 -0 1 0 0 0 0.809017 0.5877853 -7.381956e-18 -0.809017 -0.5877853 7.381956e-18 0 0 0 0 0 -1 -0 -0 1 0 0 0 0.9876883 -0.1564345 -1.20072e-18 -0.9876883 0.1564345 1.20072e-18 -0.9876883 -0.1564345 -6.511442e-32 -0.9876883 -0.1564345 -6.511442e-32 0.9876883 0.1564345 6.511442e-32 0.9876883 0.1564345 6.511442e-32 0 0 0 -0.809017 -0.5877853 -7.381956e-18 0.809017 0.5877853 7.381956e-18 0 0 1 0 0 1 -0 -0 -1 -0 -0 -1 0 0 1 -0 -0 -1 0.9876883 0.1564345 -6.511442e-32 0.9876883 0.1564345 -6.511442e-32 -0.9876883 -0.1564345 6.511442e-32 -0.9876883 -0.1564345 6.511442e-32 0 0 0 0 0 1 -0 -0 -1 0.9876883 -0.1564345 -6.046571e-18 -0.9876883 0.1564345 6.046571e-18 0 0 0 0 0 1 -0 -0 -1 0 0 1 -0 -0 -1 0 0 1 -0 -0 -1</float_array>
                    <technique_common>
                        <accessor count="220" source="#ID67" stride="3">
                            <param name="X" type="float" />
                            <param name="Y" type="float" />
                            <param name="Z" type="float" />
                        </accessor>
                    </technique_common>
                </source>
                <source id="ID63">
                    <Name_array id="ID69" count="0" />
                    <technique_common>
                        <accessor count="0" source="#ID69" stride="1">
                            <param name="skp_material" type="Name" />
                        </accessor>
                    </technique_common>
                </source>
                <source id="ID65">
                    <float_array id="ID68" count="500">0.983607 0.478869 0.948515 0.467104 0.983714 0.467433 0.851532 0.198705 0.862572 0.188803 0.862572 0.198705 0.948408 0.478541 0.948515 0.467104 0.983607 0.478869 0.948515 0.467104 0.955324 0.457914 0.983714 0.467433 0.851532 0.198705 0.862572 0.198705 0.851532 0.208607 0.851532 0.188803 0.862572 0.188803 0.851532 0.198705 0.976799 0.488058 0.948408 0.478541 0.983607 0.478869 0.851532 0.248216 0.862572 0.238314 0.862572 0.248216 0.983714 0.467433 0.955324 0.457914 0.977078 0.458117 0.851532 0.238314 0.862572 0.228412 0.862572 0.238314 0.851532 0.208607 0.862572 0.198705 0.862572 0.208607 0.957969 0.302187 0.948654 0.308822 0.957248 0.255024 0.851532 0.188803 0.862572 0.178901 0.862572 0.188803 0.9710046 0.2551521 0.9694056 0.3022932 0.9579695 0.3021872 0.955044 0.487856 0.948408 0.478541 0.976799 0.488058 0.851532 0.248216 0.862572 0.248216 0.851532 0.258119 0.851532 0.238314 0.862572 0.238314 0.851532 0.248216 0.955324 0.457914 0.966233 0.454482 0.977078 0.458117 0.851532 0.228412 0.862572 0.228412 0.862572 0.208607 0.862572 0.21851 0.851532 0.208607 0.957248 0.255024 0.948654 0.308822 0.946046 0.263004 0.9710039 0.255152 0.9579689 0.302187 0.9572479 0.255024 0.851532 0.178901 0.862572 0.178901 0.851532 0.188803 0.9785946 0.3091012 0.9694056 0.3022932 0.9710046 0.2551521 0.965889 0.491491 0.955044 0.487856 0.976799 0.488058 0.851532 0.258119 0.862572 0.248216 0.862572 0.258119 0.9783917 0.3308542 0.9702036 0.3410692 0.9690776 0.3374912 0.9702022 0.3410687 0.9576402 0.3373837 0.9690762 0.3374907 0.862572 0.21851 0.862572 0.228412 0.851532 0.21851 0.851532 0.21851 0.862572 0.228412 0.851532 0.228412 0.957641 0.337384 0.956448 0.340942 0.948451 0.330576 0.851532 0.208607 0.862572 0.21851 0.851532 0.21851 0.890061 0.41996 0.847275 0.433317 0.847405 0.419563 0.9486538 0.3088219 0.9450188 0.3196659 0.9460458 0.263004 0.889932 0.433716 0.847147 0.447073 0.847275 0.433317 0.851532 0.178901 0.851532 0.168999 0.862572 0.178901 0.982055 0.263339 0.978594 0.309101 0.971004 0.255152 0.862572 0.268021 0.851532 0.258119 0.862572 0.258119 0.862572 0.178901 0.851532 0.168999 0.862572 0.168999 0.981405 0.333089 0.970203 0.341069 0.978391 0.330854 0.970203 0.341069 0.956448 0.340942 0.957641 0.337384 0.948451 0.330576 0.945396 0.332753 0.945019 0.319666 0.9564484 0.3409422 0.9453964 0.3327532 0.9484514 0.3305762 0.847405 0.419563 0.847531 0.405809 0.890061 0.41996 0.889932 0.433716 0.847275 0.433317 0.890061 0.41996 0.946046 0.263004 0.945019 0.319666 0.941267 0.319632 0.889804 0.44747 0.847147 0.447073 0.9820279 0.320011 0.9785939 0.309101 0.9820549 0.263339 0.889804 0.44747 0.84702 0.460829 0.847147 0.447073 0.851532 0.268021 0.851532 0.258119 0.862572 0.268021 0.982028 0.320011 0.981405 0.333089 0.978391 0.330854 0.891108 0.307602 0.848323 0.320959 0.848451 0.307204 0.890979 0.321357 0.848195 0.334714 0.848323 0.320959 0.945396 0.332753 0.941267 0.319632 0.945019 0.319666 0.890852 0.335112 0.848067 0.348469 0.848195 0.334714 0.946046 0.263004 0.941267 0.319632 0.941674 0.276046 0.890061 0.41996 0.847531 0.405809 0.890189 0.406207 0.910986 0.446045 0.924028 0.450418 0.944963 0.516952 0.897865 0.450174 0.910986 0.446045 0.936774 0.528004 0.986186 0.276461 0.982028 0.320011 0.982055 0.263339 0.889676 0.461226 0.84702 0.460829 0.889804 0.44747 0.985779 0.320047 0.981405 0.333089 0.982028 0.320011 0.84858 0.29345 0.891108 0.307602 0.848451 0.307204 0.890979 0.321357 0.848323 0.320959 0.891108 0.307602 0.890852 0.335112 0.848195 0.334714 0.890979 0.321357 0.847938 0.362226 0.848067 0.348469 0.890595 0.362622 0.890724 0.348867 0.848067 0.348469 0.890852 0.335112 0.847531 0.405809 0.847938 0.362226 0.890189 0.406207 0.924028 0.450418 0.932008 0.461621 0.945091 0.503197 0.944963 0.516952 0.924028 0.450418 0.945091 0.503197 0.936774 0.528004 0.910986 0.446045 0.944963 0.516952 0.923652 0.532133 0.897865 0.450174 0.936774 0.528004 0.84702 0.460829 0.889548 0.474981 0.846891 0.474584 0.985779 0.320047 0.982028 0.320011 0.986186 0.276461 0.889676 0.461226 0.889548 0.474981 0.84702 0.460829 0.889676 0.461226 0.897865 0.450174 0.923652 0.532133 0.891237 0.293848 0.891108 0.307602 0.84858 0.29345 0.91061 0.527759 0.889676 0.461226 0.923652 0.532133 0.890595 0.362622 0.848067 0.348469 0.890724 0.348867 0.890189 0.406207 0.847938 0.362226 0.890595 0.362622 0.889548 0.474981 0.889142 0.518565 0.846891 0.474584 0.846891 0.474584 0.889142 0.518565 0.846485 0.518167 0.889548 0.474981 0.889676 0.461226 0.91061 0.527759 0.90263 0.516557 0.889548 0.474981 0.91061 0.527759</float_array>
                    <technique_common>
                        <accessor count="250" source="#ID68" stride="2">
                            <param name="S" type="float" />
                            <param name="T" type="float" />
                        </accessor>
                    </technique_common>
                </source>
                <vertices id="ID64">
                    <input semantic="POSITION" source="#ID61" />
                    <input semantic="NORMAL" source="#ID62" />
                </vertices>
                <triangles count="84" material="Material2">
                    <input offset="0" semantic="VERTEX" source="#ID64" />
                    <input offset="1" semantic="TEXCOORD" source="#ID65" />
                    <p>0 0 1 1 2 2 9 3 10 4 11 5 16 6 1 7 0 8 1 9 19 10 2 11 9 12 11 13 22 14 25 15 10 16 9 17 28 18 16 19 0 20 31 21 32 22 33 23 2 24 19 25 38 26 41 27 42 28 32 29 22 30 11 31 46 32 48 33 49 34 50 35 25 36 55 37 10 38 57 39 58 40 48 41 62 42 16 43 28 44 31 45 33 46 65 47 41 48 32 49 31 50 19 51 68 52 38 53 71 54 42 55 41 27 46 56 74 57 22 58 50 59 49 60 76 61 57 62 48 63 50 64 79 65 55 66 25 67 82 68 58 69 57 70 84 71 62 72 28 73 65 74 33 75 87 76 89 77 90 78 91 79 90 80 96 81 91 82 74 83 42 84 98 85 98 86 42 87 71 88 96 89 101 90 102 91 22 92 74 93 98 94 106 95 107 96 108 97 49 98 113 99 76 100 115 101 116 102 107 103 79 104 120 105 55 106 123 107 82 108 57 109 126 110 65 111 87 112 55 113 120 114 126 115 128 116 90 117 89 118 90 119 101 120 96 121 102 122 131 123 113 124 101 125 131 126 102 127 108 128 134 129 106 130 115 131 107 132 106 133 76 134 113 135 137 136 140 137 116 138 115 131 143 139 82 140 123 141 140 142 145 143 116 144 120 145 65 146 126 147 143 148 128 149 89 150 147 151 148 152 149 153 154 154 155 155 148 156 131 157 137 158 113 159 159 160 160 161 155 162 76 163 137 164 164 165 106 166 134 167 166 168 169 169 170 170 171 171 176 172 169 173 177 174 180 175 143 176 123 177 183 178 145 179 140 180 186 181 128 182 143 183 189 184 147 185 149 186 154 187 148 188 147 189 159 190 155 191 154 192 191 193 160 194 192 195 196 196 160 197 159 198 134 199 191 200 166 201 170 202 198 203 199 204 171 205 170 206 199 207 177 208 169 209 171 210 202 211 176 212 177 213 145 214 204 215 205 216 186 217 143 218 180 219 183 220 204 221 145 222 209 223 176 224 202 225 211 226 147 227 189 228 214 229 209 230 202 231 192 232 160 233 196 234 166 235 191 236 192 237 204 238 211 239 205 240 205 241 211 242 189 243 216 244 209 245 214 246 218 247 216 248 214 249</p>
                </triangles>
                <triangles count="84" material="Material3">
                    <input offset="0" semantic="VERTEX" source="#ID64" />
                    <p>3 4 5 12 13 14 5 4 17 3 20 4 23 12 14 14 13 26 5 17 29 34 35 36 39 20 3 35 43 44 47 12 23 51 52 53 13 56 26 53 59 60 29 17 63 66 34 36 36 35 44 39 69 20 44 43 72 23 75 47 77 52 51 51 53 60 26 56 80 60 59 83 29 63 85 88 34 66 92 93 94 92 97 93 99 43 75 72 43 99 103 104 97 99 75 23 109 110 111 77 114 52 110 117 118 56 121 80 60 83 124 88 66 127 127 121 56 94 93 129 97 104 93 114 132 103 103 132 104 111 135 109 111 110 118 138 114 77 118 117 141 124 83 144 117 146 141 127 66 121 94 129 144 150 151 152 151 156 157 114 138 132 156 161 162 165 138 77 167 135 111 172 173 174 178 174 179 124 144 181 141 146 184 144 129 187 150 152 190 152 151 157 157 156 162 193 161 194 162 161 197 167 194 135 200 201 173 200 173 172 172 174 178 178 179 203 206 207 146 181 144 187 146 207 184 203 179 210 190 152 212 203 210 215 197 161 193 193 194 167 206 212 207 190 212 206 215 210 217 215 217 219</p>
                </triangles>
                <lines count="126" material="Material4">
                    <input offset="0" semantic="VERTEX" source="#ID64" />
                    <p>6 7 6 8 7 8 15 7 15 6 6 18 8 18 7 21 21 8 24 7 15 24 27 6 27 15 30 6 30 18 37 18 37 8 7 40 40 21 45 8 45 21 24 40 54 24 54 15 27 30 61 15 61 27 30 64 18 64 67 18 37 67 45 37 40 70 70 21 73 21 73 45 24 70 78 54 78 24 54 61 81 30 81 27 61 81 64 86 86 30 67 64 67 95 37 95 45 95 100 21 100 70 100 73 45 105 73 105 24 100 78 112 112 54 78 100 54 119 119 61 122 81 30 122 61 125 125 81 86 67 122 86 67 130 130 95 95 105 73 133 100 133 105 133 136 78 112 136 112 119 100 139 78 139 61 142 119 142 125 122 142 125 67 122 122 130 130 153 153 95 95 158 158 105 133 139 105 163 163 133 136 139 168 112 136 168 175 112 175 119 163 119 163 142 125 182 182 122 125 185 142 185 122 188 188 130 188 153 153 158 158 163 195 133 139 195 133 175 163 175 168 139 168 195 195 112 175 195 158 142 125 208 182 208 188 182 185 208 158 185 213 153 188 213 153 185 213 208 182 213 153 208</p>
                </lines>
            </mesh>
        </geometry>
        <geometry id="ID71">
            <mesh>
                <source id="ID72">
                    <float_array id="ID77" count="1995">0.6797034 3.256466 13.35944 0.321149 2.355176 11.79836 9.741879 2.355188 11.79835 9.741879 2.355188 11.79835 0.321149 2.355176 11.79836 0.6797034 3.256466 13.35944 9.741879 2.355188 11.79835 0.321149 2.355176 11.79836 0.6797034 3.256466 13.35944 0.321149 2.355176 11.79836 9.383324 1.453899 10.23728 9.741879 2.355188 11.79835 9.741879 2.355188 11.79835 9.383324 1.453899 10.23728 0.321149 2.355176 11.79836 9.383324 1.453899 10.23728 9.383323 3.256477 13.35943 9.383323 3.256477 13.35943 9.383323 3.256477 13.35943 0.3830165 3.590675 13.30838 0.321149 2.355176 11.79836 0.6797034 3.256466 13.35944 0.6797034 3.256466 13.35944 0.321149 2.355176 11.79836 0.3830165 3.590675 13.30838 0.3830165 3.590675 13.30838 10.06301 2.627953 11.64087 9.741879 2.355188 11.79835 9.383324 1.453899 10.23728 9.383324 1.453899 10.23728 9.741879 2.355188 11.79835 10.06301 2.627953 11.64087 10.06301 2.627953 11.64087 0.321149 2.355176 11.79836 0.679705 1.453888 10.23728 9.383324 1.453899 10.23728 9.383324 1.453899 10.23728 0.679705 1.453888 10.23728 0.321149 2.355176 11.79836 0.679705 1.453888 10.23728 9.383323 3.256477 13.35943 9.383323 3.256477 13.35943 4.203574 3.784315 14.27369 0.6797034 3.256466 13.35944 9.383323 3.256477 13.35943 9.383323 3.256477 13.35943 0.6797034 3.256466 13.35944 4.203574 3.784315 14.27369 4.203574 3.784315 14.27369 1.700781 4.020544 14.68285 1.700781 4.020544 14.68285 1.700781 4.020544 14.68285 1.756394e-05 2.62794 11.64088 1.756394e-05 2.62794 11.64088 1.756394e-05 2.62794 11.64088 9.68001 1.665217 9.973368 9.68001 1.665217 9.973368 9.68001 1.665217 9.973368 0.679705 1.453888 10.23728 8.362246 0.6898212 8.913857 9.383324 1.453899 10.23728 9.383324 1.453899 10.23728 8.362246 0.6898212 8.913857 0.679705 1.453888 10.23728 8.362246 0.6898212 8.913857 0.679705 1.453888 10.23728 0.679705 1.453888 10.23728 9.680009 3.590687 13.30838 9.680009 3.590687 13.30838 9.680009 3.590687 13.30838 4.203574 3.784315 14.27369 9.383323 3.256477 13.35943 5.859448 3.784317 14.27369 5.859448 3.784317 14.27369 9.383323 3.256477 13.35943 4.203574 3.784315 14.27369 5.859448 3.784317 14.27369 1.700781 4.020544 14.68285 0.6797034 3.256466 13.35944 4.203574 3.784315 14.27369 4.203574 3.784315 14.27369 0.6797034 3.256466 13.35944 1.700781 4.020544 14.68285 1.473707 4.406844 14.72203 1.473707 4.406844 14.72203 1.473707 4.406844 14.72203 0 15.24328 4.357404 1.756394e-05 2.62794 11.64088 0.3830165 3.590675 13.30838 0.3830165 3.590675 13.30838 1.756394e-05 2.62794 11.64088 0 15.24328 4.357404 0 15.24328 4.357404 9.679993 14.28056 2.689896 10.06301 2.627953 11.64087 9.68001 1.665217 9.973368 9.68001 1.665217 9.973368 10.06301 2.627953 11.64087 9.679993 14.28056 2.689896 9.679993 14.28056 2.689896 8.362246 0.6898212 8.913857 8.362246 0.6898212 8.913857 0.679705 1.453888 10.23728 1.700784 0.6898127 8.913859 8.362246 0.6898212 8.913857 8.362246 0.6898212 8.913857 1.700784 0.6898127 8.913859 0.679705 1.453888 10.23728 1.700784 0.6898127 8.913859 0.3830182 1.665205 9.97337 0.3830182 1.665205 9.97337 0.3830182 1.665205 9.97337 8.362243 4.020552 14.68285 8.362243 4.020552 14.68285 8.362243 4.020552 14.68285 9.679991 16.20603 6.024908 9.680009 3.590687 13.30838 9.680009 3.590687 13.30838 9.679991 16.20603 6.024908 9.679991 16.20603 6.024908 8.362243 4.020552 14.68285 5.859448 3.784317 14.27369 9.383323 3.256477 13.35943 9.383323 3.256477 13.35943 5.859448 3.784317 14.27369 8.362243 4.020552 14.68285 5.859448 3.784317 14.27369 5.859448 6.617651 12.63786 4.203574 3.784315 14.27369 4.203574 3.784315 14.27369 5.859448 6.617651 12.63786 5.859448 3.784317 14.27369 5.859448 6.617651 12.63786 3.228933 4.531085 15.56713 1.700781 4.020544 14.68285 4.203574 3.784315 14.27369 4.203574 3.784315 14.27369 1.700781 4.020544 14.68285 3.228933 4.531085 15.56713 3.228933 4.531085 15.56713 0.382999 16.20602 6.02491 1.473707 4.406844 14.72203 1.473707 4.406844 14.72203 0.382999 16.20602 6.02491 0.382999 16.20602 6.02491 3.228933 4.531085 15.56713 3.228933 4.531085 15.56713 0.3830182 1.665205 9.97337 0.3830182 1.665205 9.97337 8.589302 13.46439 1.276253 8.589302 13.46439 1.276253 8.589302 13.46439 1.276253 10.06299 15.2433 4.357402 10.06299 15.2433 4.357402 10.06299 15.2433 4.357402 8.58932 0.8490484 8.559725 8.58932 0.8490484 8.559725 8.58932 0.8490484 8.559725 1.700784 0.6898127 8.913859 6.834094 0.1792799 8.029577 8.362246 0.6898212 8.913857 8.362246 0.6898212 8.913857 6.834094 0.1792799 8.029577 1.700784 0.6898127 8.913859 6.834094 0.1792799 8.029577 1.700784 0.6898127 8.913859 1.700784 0.6898127 8.913859 8.589317 4.406853 14.72202 8.589317 4.406853 14.72202 8.589317 4.406853 14.72202 8.589299 17.0222 7.438552 8.589299 17.0222 7.438552 8.589299 17.0222 7.438552 6.83409 4.53109 15.56713 5.859448 3.784317 14.27369 8.362243 4.020552 14.68285 8.362243 4.020552 14.68285 5.859448 3.784317 14.27369 6.83409 4.53109 15.56713 6.83409 4.53109 15.56713 5.859448 6.617651 12.63786 5.859448 3.784317 14.27369 5.859448 5.061352 15.85566 5.859448 5.061352 15.85566 5.859448 3.784317 14.27369 5.859448 6.617651 12.63786 5.859448 5.061352 15.85566 5.859448 6.617651 12.63786 4.203571 6.617651 12.63786 4.203574 3.784315 14.27369 4.203574 3.784315 14.27369 4.203571 6.617651 12.63786 5.859448 6.617651 12.63786 4.203571 6.617651 12.63786 4.203574 4.62802 15.73503 3.228933 4.531085 15.56713 4.203574 3.784315 14.27369 4.203574 3.784315 14.27369 3.228933 4.531085 15.56713 4.203574 4.62802 15.73503 4.203574 4.62802 15.73503 1.473689 17.02219 7.438553 1.473689 17.02219 7.438553 1.473689 17.02219 7.438553 3.106041 4.952192 15.66659 3.106041 4.952192 15.66659 3.106041 4.952192 15.66659 0.382999 16.20602 6.02491 0.200552 15.24328 4.357404 0 15.24328 4.357404 0 15.24328 4.357404 0.200552 15.24328 4.357404 0.382999 16.20602 6.02491 0.200552 15.24328 4.357404 0.3830007 14.28055 2.689898 0.3830007 14.28055 2.689898 0.3830007 14.28055 2.689898 8.58932 0.8490484 8.559725 8.58932 0.8490484 8.559725 9.679993 14.28056 2.689896 8.589302 13.46439 1.276253 8.447491 13.5353 1.399066 8.447491 13.5353 1.399066 8.589302 13.46439 1.276253 9.679993 14.28056 2.689896 8.447491 13.5353 1.399066 10.06299 15.2433 4.357402 9.679993 14.28056 2.689896 9.494707 14.31893 2.756362 9.494707 14.31893 2.756362 9.679993 14.28056 2.689896 10.06299 15.2433 4.357402 9.494707 14.31893 2.756362 6.834094 0.1792799 8.029577 6.834094 0.1792799 8.029577 1.700784 0.6898127 8.913859 3.228937 0.1792753 8.029578 6.834094 0.1792799 8.029577 6.834094 0.1792799 8.029577 3.228937 0.1792753 8.029578 1.700784 0.6898127 8.913859 3.228937 0.1792753 8.029578 1.47371 0.8490394 8.559727 1.47371 0.8490394 8.559727 1.47371 0.8490394 8.559727 6.83409 4.53109 15.56713 6.83409 4.53109 15.56713 8.589317 4.406853 14.72202 8.589317 4.406853 14.72202 9.679991 16.20603 6.024908 10.06299 15.2433 4.357402 9.494705 16.16766 5.958443 9.494705 16.16766 5.958443 10.06299 15.2433 4.357402 9.679991 16.20603 6.024908 9.494705 16.16766 5.958443 8.589299 17.0222 7.438552 9.679991 16.20603 6.024908 8.447488 16.95129 7.315739 8.447488 16.95129 7.315739 9.679991 16.20603 6.024908 8.589299 17.0222 7.438552 8.447488 16.95129 7.315739 5.859448 4.628022 15.73503 5.859448 3.784317 14.27369 6.83409 4.53109 15.56713 6.83409 4.53109 15.56713 5.859448 3.784317 14.27369 5.859448 4.628022 15.73503 5.859448 4.628022 15.73503 5.859448 5.061352 15.85566 5.859448 3.784317 14.27369 5.859448 4.628022 15.73503 5.859448 4.628022 15.73503 5.859448 3.784317 14.27369 5.859448 5.061352 15.85566 5.859448 7.621922 14.37731 5.859448 6.617651 12.63786 5.859448 5.061352 15.85566 5.859448 5.061352 15.85566 5.859448 6.617651 12.63786 5.859448 7.621922 14.37731 5.859448 7.621922 14.37731 4.203571 6.617651 12.63786 4.203574 5.06135 15.85566 4.203574 3.784315 14.27369 4.203574 3.784315 14.27369 4.203574 5.06135 15.85566 4.203571 6.617651 12.63786 4.203574 5.06135 15.85566 4.203571 7.621922 14.37731 4.203571 6.617651 12.63786 5.859448 6.617651 12.63786 5.859448 6.617651 12.63786 4.203571 6.617651 12.63786 4.203571 7.621922 14.37731 4.203571 7.621922 14.37731 4.203574 5.06135 15.85566 4.203574 4.62802 15.73503 4.203574 3.784315 14.27369 4.203574 3.784315 14.27369 4.203574 4.62802 15.73503 4.203574 5.06135 15.85566 4.203574 4.62802 15.73503 4.203574 4.62802 15.73503 1.473689 17.02219 7.438553 1.615501 16.95128 7.315741 0.382999 16.20602 6.02491 0.382999 16.20602 6.02491 1.615501 16.95128 7.315741 1.473689 17.02219 7.438553 1.615501 16.95128 7.315741 3.106024 17.56754 8.383119 3.106024 17.56754 8.383119 3.106024 17.56754 8.383119 3.106041 4.952192 15.66659 3.106041 4.952192 15.66659 0.382999 16.20602 6.02491 0.5682848 16.16765 5.958445 0.200552 15.24328 4.357404 0.200552 15.24328 4.357404 0.5682848 16.16765 5.958445 0.382999 16.20602 6.02491 0.5682848 16.16765 5.958445 0 15.24328 4.357404 0.200552 15.24328 4.357404 0.5682865 14.31892 2.756364 0.5682865 14.31892 2.756364 0.200552 15.24328 4.357404 0 15.24328 4.357404 0.5682865 14.31892 2.756364 1.47371 0.8490394 8.559727 1.47371 0.8490394 8.559727 0 15.24328 4.357404 0.5682865 14.31892 2.756364 0.3830007 14.28055 2.689898 0.3830007 14.28055 2.689898 0.5682865 14.31892 2.756364 0 15.24328 4.357404 6.956986 0.3037007 7.615159 6.956986 0.3037007 7.615159 6.956986 0.3037007 7.615159 8.447491 13.5353 1.399066 8.589302 13.46439 1.276253 6.88022 13.01169 0.4921494 6.88022 13.01169 0.4921494 8.589302 13.46439 1.276253 8.447491 13.5353 1.399066 6.88022 13.01169 0.4921494 9.494707 14.31893 2.756362 9.679993 14.28056 2.689896 8.447491 13.5353 1.399066 8.447491 13.5353 1.399066 9.679993 14.28056 2.689896 9.494707 14.31893 2.756362 9.86244 15.2433 4.357402 10.06299 15.2433 4.357402 9.494707 14.31893 2.756362 9.494707 14.31893 2.756362 10.06299 15.2433 4.357402 9.86244 15.2433 4.357402 9.86244 15.2433 4.357402 6.956986 0.3037007 7.615159 6.956986 0.3037007 7.615159 3.228937 0.1792753 8.029578 5.031516 0 7.71906 6.834094 0.1792799 8.029577 6.834094 0.1792799 8.029577 5.031516 0 7.71906 3.228937 0.1792753 8.029578 5.031516 0 7.71906 3.228937 0.1792753 8.029578 3.228937 0.1792753 8.029578 6.956982 4.952197 15.66659 6.956982 4.952197 15.66659 6.956982 4.952197 15.66659 6.956982 4.952197 15.66659 6.956982 4.952197 15.66659 9.494705 16.16766 5.958443 10.06299 15.2433 4.357402 9.86244 15.2433 4.357402 9.86244 15.2433 4.357402 10.06299 15.2433 4.357402 9.494705 16.16766 5.958443 8.447488 16.95129 7.315739 9.679991 16.20603 6.024908 9.494705 16.16766 5.958443 9.494705 16.16766 5.958443 9.679991 16.20603 6.024908 8.447488 16.95129 7.315739 6.880216 17.4749 8.222656 8.589299 17.0222 7.438552 8.447488 16.95129 7.315739 8.447488 16.95129 7.315739 8.589299 17.0222 7.438552 6.880216 17.4749 8.222656 6.880216 17.4749 8.222656 5.859448 4.628022 15.73503 5.859448 4.628022 15.73503 5.859448 5.061352 15.85566 5.859448 4.628022 15.73503 5.859448 4.628022 15.73503 5.859448 5.061352 15.85566 5.859448 7.621922 14.37731 4.203571 7.621922 14.37731 5.859448 6.617651 12.63786 5.859448 6.617651 12.63786 4.203571 7.621922 14.37731 5.859448 7.621922 14.37731 5.859448 7.621922 14.37731 5.859448 5.061352 15.85566 5.859448 5.061352 15.85566 5.859448 7.621922 14.37731 4.203571 7.621922 14.37731 4.203574 5.06135 15.85566 4.203571 6.617651 12.63786 4.203571 6.617651 12.63786 4.203574 5.06135 15.85566 4.203571 7.621922 14.37731 4.203574 4.62802 15.73503 4.203574 5.06135 15.85566 4.203574 5.06135 15.85566 4.203574 4.62802 15.73503 3.182772 17.47489 8.222657 1.615501 16.95128 7.315741 1.473689 17.02219 7.438553 1.473689 17.02219 7.438553 1.615501 16.95128 7.315741 3.182772 17.47489 8.222657 3.182772 17.47489 8.222657 1.615501 16.95128 7.315741 0.5682848 16.16765 5.958445 0.382999 16.20602 6.02491 0.382999 16.20602 6.02491 0.5682848 16.16765 5.958445 1.615501 16.95128 7.315741 3.106024 17.56754 8.383119 3.182772 17.47489 8.222657 1.473689 17.02219 7.438553 1.473689 17.02219 7.438553 3.182772 17.47489 8.222657 3.106024 17.56754 8.383119 4.203571 7.621922 14.37731 4.203571 7.621922 14.37731 0.5682848 16.16765 5.958445 0.5682899 13.75368 7.352146 0.200552 15.24328 4.357404 0.200552 15.24328 4.357404 0.5682899 13.75368 7.352146 0.5682848 16.16765 5.958445 0.5682899 13.75368 7.352146 0.5682915 11.90496 4.150065 0.5682865 14.31892 2.756364 0.5682865 14.31892 2.756364 0.5682915 11.90496 4.150065 0.5682915 11.90496 4.150065 1.473693 13.46438 1.276255 1.473693 13.46438 1.276255 1.473693 13.46438 1.276255 0.5682865 14.31892 2.756364 1.615504 13.53529 1.399067 0.3830007 14.28055 2.689898 0.3830007 14.28055 2.689898 1.615504 13.53529 1.399067 0.5682865 14.31892 2.756364 1.615504 13.53529 1.399067 6.956968 12.91904 0.3316872 6.956968 12.91904 0.3316872 6.956968 12.91904 0.3316872 8.447491 13.5353 1.399066 6.88022 13.01169 0.4921494 6.880225 10.59773 1.885851 6.880225 10.59773 1.885851 6.88022 13.01169 0.4921494 8.447491 13.5353 1.399066 6.880225 10.59773 1.885851 8.589302 13.46439 1.276253 6.956968 12.91904 0.3316872 6.88022 13.01169 0.4921494 6.88022 13.01169 0.4921494 6.956968 12.91904 0.3316872 8.589302 13.46439 1.276253 9.494707 14.31893 2.756362 9.494712 11.90497 4.150063 9.494712 11.90497 4.150063 9.494707 14.31893 2.756362 9.494712 11.90497 4.150063 9.86244 15.2433 4.357402 9.862445 12.82933 5.751104 9.862445 12.82933 5.751104 9.86244 15.2433 4.357402 9.862445 12.82933 5.751104 5.031516 0 7.71906 5.031516 0 7.71906 3.106045 0.3036958 7.61516 3.106045 0.3036958 7.61516 3.106045 0.3036958 7.61516 6.956964 17.56754 8.383119 6.956964 17.56754 8.383119 6.956964 17.56754 8.383119 9.494705 16.16766 5.958443 9.494705 16.16766 5.958443 8.447488 16.95129 7.315739 9.49471 13.75369 7.352144 9.49471 13.75369 7.352144 8.447488 16.95129 7.315739 9.49471 13.75369 7.352144 6.880221 15.06094 9.616358 6.880216 17.4749 8.222656 6.880216 17.4749 8.222656 6.880221 15.06094 9.616358 6.880221 15.06094 9.616358 6.956964 17.56754 8.383119 8.589299 17.0222 7.438552 6.880216 17.4749 8.222656 6.880216 17.4749 8.222656 8.589299 17.0222 7.438552 6.956964 17.56754 8.383119 5.031508 7.704265 14.51993 4.203571 7.621922 14.37731 5.859448 7.621922 14.37731 5.859448 7.621922 14.37731 4.203571 7.621922 14.37731 5.031508 7.704265 14.51993 5.031508 7.704265 14.51993 5.859448 7.621922 14.37731 5.859448 7.621922 14.37731 4.203574 5.06135 15.85566 4.203571 7.621922 14.37731 4.203571 7.621922 14.37731 4.203574 5.06135 15.85566 3.182772 17.47489 8.222657 1.615506 14.53732 8.709442 1.615501 16.95128 7.315741 1.615501 16.95128 7.315741 1.615506 14.53732 8.709442 3.182772 17.47489 8.222657 1.615506 14.53732 8.709442 5.031494 17.65876 8.541123 3.182772 17.47489 8.222657 3.106024 17.56754 8.383119 3.106024 17.56754 8.383119 3.182772 17.47489 8.222657 5.031494 17.65876 8.541123 5.031494 17.65876 8.541123 5.031494 17.75904 8.714807 4.203571 7.621922 14.37731 4.203571 7.621922 14.37731 5.031494 17.75904 8.714807 5.031494 17.75904 8.714807 0.200557 12.82932 5.751106 0.200557 12.82932 5.751106 0.200557 12.82932 5.751106 1.615509 11.12133 2.792769 1.615509 11.12133 2.792769 1.615509 11.12133 2.792769 3.106028 12.91904 0.331688 3.106028 12.91904 0.331688 3.106028 12.91904 0.331688 0.3830007 14.28055 2.689898 1.615504 13.53529 1.399067 1.473693 13.46438 1.276255 1.473693 13.46438 1.276255 1.615504 13.53529 1.399067 0.3830007 14.28055 2.689898 1.615504 13.53529 1.399067 1.615504 13.53529 1.399067 5.031516 0.1121984 7.283472 5.031516 0.1121984 7.283472 5.031516 0.1121984 7.283472 5.031503 10.41386 1.567385 5.031503 10.41386 1.567385 5.031503 10.41386 1.567385 8.447496 11.12134 2.792767 8.447496 11.12134 2.792767 8.447496 11.12134 2.792767 6.88022 13.01169 0.4921494 6.956968 12.91904 0.3316872 5.031498 12.82782 0.1736831 5.031498 12.82782 0.1736831 6.956968 12.91904 0.3316872 6.88022 13.01169 0.4921494 5.031498 12.82782 0.1736831 5.031516 0.1121984 7.283472 5.031516 0.1121984 7.283472 3.106045 0.3036958 7.61516 3.106045 0.3036958 7.61516 8.447493 14.53733 8.709441 8.447493 14.53733 8.709441 8.447493 14.53733 8.709441 5.031499 15.2448 9.934825 5.031499 15.2448 9.934825 5.031499 15.2448 9.934825 5.031494 17.65876 8.541123 6.956964 17.56754 8.383119 6.880216 17.4749 8.222656 6.880216 17.4749 8.222656 6.956964 17.56754 8.383119 5.031494 17.65876 8.541123 5.031508 7.704265 14.51993 4.203571 7.621922 14.37731 4.203571 7.621922 14.37731 5.031508 7.704265 14.51993 5.859448 7.621922 14.37731 5.859448 7.621922 14.37731 5.859448 7.621922 14.37731 5.859448 7.621922 14.37731 3.182777 15.06093 9.616359 3.182777 15.06093 9.616359 3.182777 15.06093 9.616359 5.031494 17.75904 8.714807 5.031494 17.65876 8.541123 3.106024 17.56754 8.383119 3.106024 17.56754 8.383119 5.031494 17.65876 8.541123 5.031494 17.75904 8.714807 5.031494 17.65876 8.541123 5.031494 17.65876 8.541123 1.473693 13.46438 1.276255 3.182776 13.01168 0.4921502 3.106028 12.91904 0.331688 3.106028 12.91904 0.331688 3.182776 13.01168 0.4921502 1.473693 13.46438 1.276255 3.182776 13.01168 0.4921502 1.615504 13.53529 1.399067 3.182776 13.01168 0.4921502 1.473693 13.46438 1.276255 1.473693 13.46438 1.276255 3.182776 13.01168 0.4921502 1.615504 13.53529 1.399067 3.182776 13.01168 0.4921502 3.182776 13.01168 0.4921502 5.031498 12.72754 0 5.031498 12.72754 0 5.031498 12.72754 0 5.031498 12.82782 0.1736831 5.031498 12.82782 0.1736831 6.956968 12.91904 0.3316872 5.031498 12.72754 0 5.031498 12.82782 0.1736831 5.031498 12.82782 0.1736831 5.031498 12.72754 0 6.956968 12.91904 0.3316872 5.031494 17.75904 8.714807 6.956964 17.56754 8.383119 5.031494 17.65876 8.541123 5.031494 17.65876 8.541123 6.956964 17.56754 8.383119 5.031494 17.75904 8.714807 3.182776 13.01168 0.4921502 5.031498 12.82782 0.1736831 3.106028 12.91904 0.331688 3.106028 12.91904 0.331688 5.031498 12.82782 0.1736831 3.182776 13.01168 0.4921502 3.182781 10.59772 1.885852 3.182781 10.59772 1.885852 3.182781 10.59772 1.885852 3.106028 12.91904 0.331688 5.031498 12.82782 0.1736831 5.031498 12.72754 0 5.031498 12.72754 0 5.031498 12.82782 0.1736831 3.106028 12.91904 0.331688</float_array>
                    <technique_common>
                        <accessor count="665" source="#ID77" stride="3">
                            <param name="X" type="float" />
                            <param name="Y" type="float" />
                            <param name="Z" type="float" />
                        </accessor>
                    </technique_common>
                </source>
                <source id="ID73">
                    <float_array id="ID78" count="1995">1.205739e-06 -0.8660254 0.5 1.205739e-06 -0.8660254 0.5 1.205739e-06 -0.8660254 0.5 -1.205739e-06 0.8660254 -0.5 -1.205739e-06 0.8660254 -0.5 -1.205739e-06 0.8660254 -0.5 0 0 0 0 0 0 0 0 0 1.205739e-06 -0.8660254 0.5 1.205739e-06 -0.8660254 0.5 1.205739e-06 -0.8660254 0.5 -1.205739e-06 0.8660254 -0.5 -1.205739e-06 0.8660254 -0.5 -1.205739e-06 0.8660254 -0.5 0 0 0 1.205739e-06 -0.8660254 0.5 -1.205739e-06 0.8660254 -0.5 0 0 0 -0.6469131 -0.4843043 0.589027 -0.7002136 -0.6182846 0.3569664 -0.6469131 -0.4843043 0.589027 0.6469131 0.4843043 -0.589027 0.7002136 0.6182846 -0.3569664 0.6469131 0.4843043 -0.589027 0 0 0 0.7002154 -0.6182828 0.3569661 0.7002154 -0.6182828 0.3569661 0.6469148 -0.7522631 0.1249055 -0.6469148 0.7522631 -0.1249055 -0.7002154 0.6182828 -0.3569661 -0.7002154 0.6182828 -0.3569661 0 0 0 1.205739e-06 -0.8660254 0.5 1.205739e-06 -0.8660254 0.5 1.205739e-06 -0.8660254 0.5 -1.205739e-06 0.8660254 -0.5 -1.205739e-06 0.8660254 -0.5 -1.205739e-06 0.8660254 -0.5 0 0 0 0.6469146 -0.4843026 0.5890267 -0.6469146 0.4843026 -0.5890267 1.205739e-06 -0.8660254 0.5 1.205739e-06 -0.8660254 0.5 1.205739e-06 -0.8660254 0.5 -1.205739e-06 0.8660254 -0.5 -1.205739e-06 0.8660254 -0.5 -1.205739e-06 0.8660254 -0.5 0 0 0 -0.4951258 -0.3707211 0.7857584 0.4951258 0.3707211 -0.7857584 0 0 0 -0.7002136 -0.6182846 0.3569664 0.7002136 0.6182846 -0.3569664 0 0 0 0.6469148 -0.7522631 0.1249055 -0.6469148 0.7522631 -0.1249055 0 0 0 1.205739e-06 -0.8660254 0.5 1.205739e-06 -0.8660254 0.5 1.205739e-06 -0.8660254 0.5 -1.205739e-06 0.8660254 -0.5 -1.205739e-06 0.8660254 -0.5 -1.205739e-06 0.8660254 -0.5 0 0 0 -0.6469129 -0.7522648 0.1249058 0.6469129 0.7522648 -0.1249058 0.6469146 -0.4843026 0.5890267 -0.6469146 0.4843026 -0.5890267 0 0 0 1.205739e-06 -0.8660254 0.5 1.205739e-06 -0.8660254 0.5 1.205739e-06 -0.8660254 0.5 -1.205739e-06 0.8660254 -0.5 -1.205739e-06 0.8660254 -0.5 -1.205739e-06 0.8660254 -0.5 0 0 0 1.205739e-06 -0.8660254 0.5 1.205739e-06 -0.8660254 0.5 1.205739e-06 -0.8660254 0.5 -1.205739e-06 0.8660254 -0.5 -1.205739e-06 0.8660254 -0.5 -1.205739e-06 0.8660254 -0.5 -0.4951258 -0.3707211 0.7857584 0.4951258 0.3707211 -0.7857584 0 0 0 -1 -1.266577e-06 2.177039e-07 -1 -1.266577e-06 2.177039e-07 -0.9238797 0.1913405 0.3314138 0.9238797 -0.1913405 -0.3314138 1 1.266577e-06 -2.177039e-07 1 1.266577e-06 -2.177039e-07 0 0 0 0.9238797 -0.1913405 -0.3314138 1 1.266577e-06 -2.177039e-07 0.9238797 -0.1913405 -0.3314138 -0.9238797 0.1913405 0.3314138 -1 -1.266577e-06 2.177039e-07 -0.9238797 0.1913405 0.3314138 0 0 0 0.4951275 -0.8658463 -0.07182591 -0.4951275 0.8658463 0.07182591 1.205739e-06 -0.8660254 0.5 1.205739e-06 -0.8660254 0.5 1.205739e-06 -0.8660254 0.5 -1.205739e-06 0.8660254 -0.5 -1.205739e-06 0.8660254 -0.5 -1.205739e-06 0.8660254 -0.5 0 0 0 -0.6469129 -0.7522648 0.1249058 0.6469129 0.7522648 -0.1249058 0 0 0 0.4951271 -0.3707199 0.7857582 -0.4951271 0.3707199 -0.7857582 0 0 0 0.9238794 0.1913429 0.3314134 0.9238794 0.1913429 0.3314134 -0.9238794 -0.1913429 -0.3314134 -0.9238794 -0.1913429 -0.3314134 0 0 0 1.205739e-06 -0.8660254 0.5 1.205739e-06 -0.8660254 0.5 1.205739e-06 -0.8660254 0.5 -1.205739e-06 0.8660254 -0.5 -1.205739e-06 0.8660254 -0.5 -1.205739e-06 0.8660254 -0.5 -1.062575e-09 0.5 0.8660254 -1.062575e-09 0.5 0.8660254 -1.062575e-09 0.5 0.8660254 1.062575e-09 -0.5 -0.8660254 1.062575e-09 -0.5 -0.8660254 1.062575e-09 -0.5 -0.8660254 0 0 0 1.205739e-06 -0.8660254 0.5 1.205739e-06 -0.8660254 0.5 1.205739e-06 -0.8660254 0.5 -1.205739e-06 0.8660254 -0.5 -1.205739e-06 0.8660254 -0.5 -1.205739e-06 0.8660254 -0.5 0 0 0 -0.9238797 0.1913405 0.3314138 -0.7071071 0.3535525 0.6123726 0.7071071 -0.3535525 -0.6123726 0.9238797 -0.1913405 -0.3314138 0 0 0 -0.2679599 -0.2948271 0.9172101 0.2679599 0.2948271 -0.9172101 -0.9238794 -0.1913429 -0.3314134 0.9238794 0.1913429 0.3314134 0.7071071 -0.3535525 -0.6123726 -0.7071071 0.3535525 0.6123726 0 0 0 1 1.266577e-06 -2.177039e-07 -1 -1.266577e-06 2.177039e-07 0 0 0 0.4951275 -0.8658463 -0.07182591 -0.4951275 0.8658463 0.07182591 0 0 0 1.205739e-06 -0.8660254 0.5 1.205739e-06 -0.8660254 0.5 1.205739e-06 -0.8660254 0.5 -1.205739e-06 0.8660254 -0.5 -1.205739e-06 0.8660254 -0.5 -1.205739e-06 0.8660254 -0.5 0 0 0 -0.4951253 -0.8658475 -0.0718257 0.4951253 0.8658475 0.0718257 0.4951271 -0.3707199 0.7857582 -0.4951271 0.3707199 -0.7857582 0 0 0 0.7071065 0.3535543 0.6123723 -0.7071065 -0.3535543 -0.6123723 0 0 0 1.205739e-06 -0.8660254 0.5 1.205739e-06 -0.8660254 0.5 1.205739e-06 -0.8660254 0.5 -1.205739e-06 0.8660254 -0.5 -1.205739e-06 0.8660254 -0.5 -1.205739e-06 0.8660254 -0.5 0 0 0 -1 -3.574909e-10 -6.191913e-10 -1 -3.574909e-10 -6.191913e-10 -1 -3.574909e-10 -6.191913e-10 1 3.574909e-10 6.191913e-10 1 3.574909e-10 6.191913e-10 1 3.574909e-10 6.191913e-10 0 0 0 -6.444716e-10 0.5 0.8660254 -6.444716e-10 0.5 0.8660254 -6.444716e-10 0.5 0.8660254 6.444716e-10 -0.5 -0.8660254 6.444716e-10 -0.5 -0.8660254 6.444716e-10 -0.5 -0.8660254 0 0 0 1.205739e-06 -0.8660254 0.5 1.205739e-06 -0.8660254 0.5 1.205739e-06 -0.8660254 0.5 -1.205739e-06 0.8660254 -0.5 -1.205739e-06 0.8660254 -0.5 -1.205739e-06 0.8660254 -0.5 0 0 0 -0.7071071 0.3535525 0.6123726 0.7071071 -0.3535525 -0.6123726 0 0 0 -0.2679599 -0.2948271 0.9172101 0.2679599 0.2948271 -0.9172101 0 0 0 -1.205739e-06 0.8660254 -0.5 -1.205739e-06 0.8660254 -0.5 -1.205739e-06 0.8660254 -0.5 1.205739e-06 -0.8660254 0.5 1.205739e-06 -0.8660254 0.5 1.205739e-06 -0.8660254 0.5 0 0 0 -0.9238794 -0.1913429 -0.3314134 0.9238794 0.1913429 0.3314134 0 0 0 0.7071071 -0.3535525 -0.6123726 -0.7071071 0.3535525 0.6123726 -1.205739e-06 0.8660254 -0.5 -1.205739e-06 0.8660254 -0.5 -1.205739e-06 0.8660254 -0.5 1.205739e-06 -0.8660254 0.5 1.205739e-06 -0.8660254 0.5 1.205739e-06 -0.8660254 0.5 0 0 0 -1.205739e-06 0.8660254 -0.5 -1.205739e-06 0.8660254 -0.5 -1.205739e-06 0.8660254 -0.5 1.205739e-06 -0.8660254 0.5 1.205739e-06 -0.8660254 0.5 1.205739e-06 -0.8660254 0.5 0 0 0 0.2679616 -0.9417403 -0.2032776 -0.2679616 0.9417403 0.2032776 1.205739e-06 -0.8660254 0.5 1.205739e-06 -0.8660254 0.5 1.205739e-06 -0.8660254 0.5 -1.205739e-06 0.8660254 -0.5 -1.205739e-06 0.8660254 -0.5 -1.205739e-06 0.8660254 -0.5 0 0 0 -0.4951253 -0.8658475 -0.0718257 0.4951253 0.8658475 0.0718257 0 0 0 0.2679611 -0.2948264 0.91721 -0.2679611 0.2948264 -0.91721 0.7071065 0.3535543 0.6123723 -0.7071065 -0.3535543 -0.6123723 -1.205739e-06 0.8660254 -0.5 -1.205739e-06 0.8660254 -0.5 -1.205739e-06 0.8660254 -0.5 1.205739e-06 -0.8660254 0.5 1.205739e-06 -0.8660254 0.5 1.205739e-06 -0.8660254 0.5 0 0 0 -1.205739e-06 0.8660254 -0.5 -1.205739e-06 0.8660254 -0.5 -1.205739e-06 0.8660254 -0.5 1.205739e-06 -0.8660254 0.5 1.205739e-06 -0.8660254 0.5 1.205739e-06 -0.8660254 0.5 0 0 0 1.205739e-06 -0.8660254 0.5 1.205739e-06 -0.8660254 0.5 1.205739e-06 -0.8660254 0.5 -1.205739e-06 0.8660254 -0.5 -1.205739e-06 0.8660254 -0.5 -1.205739e-06 0.8660254 -0.5 0 0 0 -1 -3.574813e-10 -6.19199e-10 -1 -3.574813e-10 -6.19199e-10 -1 -3.574813e-10 -6.19199e-10 1 3.574813e-10 6.19199e-10 1 3.574813e-10 6.19199e-10 1 3.574813e-10 6.19199e-10 -1 -3.574903e-10 -6.19191e-10 -1 -3.574903e-10 -6.19191e-10 -1 -3.574903e-10 -6.19191e-10 1 3.574903e-10 6.19191e-10 1 3.574903e-10 6.19191e-10 1 3.574903e-10 6.19191e-10 0 0 0 1 8.983704e-07 -5.178488e-07 1 8.983704e-07 -5.178488e-07 1 8.983704e-07 -5.178488e-07 -1 -8.983704e-07 5.178488e-07 -1 -8.983704e-07 5.178488e-07 -1 -8.983704e-07 5.178488e-07 0 0 0 1.551658e-19 -0.8660254 0.5 1.551658e-19 -0.8660254 0.5 1.551658e-19 -0.8660254 0.5 -1.551658e-19 0.8660254 -0.5 -1.551658e-19 0.8660254 -0.5 -1.551658e-19 0.8660254 -0.5 0 0 0 1 8.983704e-07 -5.178488e-07 1 8.983704e-07 -5.178488e-07 1 8.983704e-07 -5.178488e-07 -1 -8.983704e-07 5.178488e-07 -1 -8.983704e-07 5.178488e-07 -1 -8.983704e-07 5.178488e-07 -0.1379491 -0.2656126 0.9541593 0.1379491 0.2656126 -0.9541593 -1.205739e-06 0.8660254 -0.5 -1.205739e-06 0.8660254 -0.5 -1.205739e-06 0.8660254 -0.5 1.205739e-06 -0.8660254 0.5 1.205739e-06 -0.8660254 0.5 1.205739e-06 -0.8660254 0.5 0 0 0 -0.3826838 0.4619393 0.8001032 0.3826838 -0.4619393 -0.8001032 0 0 0 -0.3826838 0.4619393 0.8001032 0.3826838 -0.4619393 -0.8001032 -1.205739e-06 0.8660254 -0.5 -1.205739e-06 0.8660254 -0.5 -1.205739e-06 0.8660254 -0.5 1.205739e-06 -0.8660254 0.5 1.205739e-06 -0.8660254 0.5 1.205739e-06 -0.8660254 0.5 0 0 0 -1.205739e-06 0.8660254 -0.5 -1.205739e-06 0.8660254 -0.5 -1.205739e-06 0.8660254 -0.5 1.205739e-06 -0.8660254 0.5 1.205739e-06 -0.8660254 0.5 1.205739e-06 -0.8660254 0.5 0 0 0 -0.7071065 -0.3535543 -0.6123723 0.7071065 0.3535543 0.6123723 -1.205739e-06 0.8660254 -0.5 -1.205739e-06 0.8660254 -0.5 -1.205739e-06 0.8660254 -0.5 1.205739e-06 -0.8660254 0.5 1.205739e-06 -0.8660254 0.5 1.205739e-06 -0.8660254 0.5 0.3826838 -0.4619393 -0.8001032 -0.3826838 0.4619393 0.8001032 0 0 0 -1.205739e-06 0.8660254 -0.5 -1.205739e-06 0.8660254 -0.5 -1.205739e-06 0.8660254 -0.5 1.205739e-06 -0.8660254 0.5 1.205739e-06 -0.8660254 0.5 1.205739e-06 -0.8660254 0.5 0 0 0 -1.205739e-06 0.8660254 -0.5 -1.205739e-06 0.8660254 -0.5 -1.205739e-06 0.8660254 -0.5 1.205739e-06 -0.8660254 0.5 1.205739e-06 -0.8660254 0.5 1.205739e-06 -0.8660254 0.5 -1.205739e-06 0.8660254 -0.5 -1.205739e-06 0.8660254 -0.5 -1.205739e-06 0.8660254 -0.5 1.205739e-06 -0.8660254 0.5 1.205739e-06 -0.8660254 0.5 1.205739e-06 -0.8660254 0.5 0 0 0 0.2679616 -0.9417403 -0.2032776 -0.2679616 0.9417403 0.2032776 1.205739e-06 -0.8660254 0.5 1.205739e-06 -0.8660254 0.5 1.205739e-06 -0.8660254 0.5 -1.205739e-06 0.8660254 -0.5 -1.205739e-06 0.8660254 -0.5 -1.205739e-06 0.8660254 -0.5 0 0 0 -0.2679593 -0.941741 -0.2032775 0.2679593 0.941741 0.2032775 0.2679611 -0.2948264 0.91721 -0.2679611 0.2948264 -0.91721 0 0 0 0.382683 0.4619403 0.8001031 -0.382683 -0.4619403 -0.8001031 -1.205739e-06 0.8660254 -0.5 -1.205739e-06 0.8660254 -0.5 -1.205739e-06 0.8660254 -0.5 1.205739e-06 -0.8660254 0.5 1.205739e-06 -0.8660254 0.5 1.205739e-06 -0.8660254 0.5 -1.205739e-06 0.8660254 -0.5 -1.205739e-06 0.8660254 -0.5 -1.205739e-06 0.8660254 -0.5 1.205739e-06 -0.8660254 0.5 1.205739e-06 -0.8660254 0.5 1.205739e-06 -0.8660254 0.5 -1.205739e-06 0.8660254 -0.5 -1.205739e-06 0.8660254 -0.5 -1.205739e-06 0.8660254 -0.5 1.205739e-06 -0.8660254 0.5 1.205739e-06 -0.8660254 0.5 1.205739e-06 -0.8660254 0.5 0 0 0 0.1379502 -0.2656123 0.9541592 -0.1379502 0.2656123 -0.9541592 0.1379502 -0.2656123 0.9541592 0.1379502 -0.2656123 0.9541592 -0.1379502 0.2656123 -0.9541592 -0.1379502 0.2656123 -0.9541592 8.193773e-18 -0.8660254 0.5 8.193773e-18 -0.8660254 0.5 8.193773e-18 -0.8660254 0.5 -8.193773e-18 0.8660254 -0.5 -8.193773e-18 0.8660254 -0.5 -8.193773e-18 0.8660254 -0.5 0.1950899 0.4903929 0.8493849 0.1950899 0.4903929 0.8493849 -0.1950899 -0.4903929 -0.8493849 -0.1950899 -0.4903929 -0.8493849 1 8.983704e-07 -5.178488e-07 1 8.983704e-07 -5.178488e-07 1 8.983704e-07 -5.178488e-07 -1 -8.983704e-07 5.178488e-07 -1 -8.983704e-07 5.178488e-07 -1 -8.983704e-07 5.178488e-07 -0.1379491 -0.2656126 0.9541593 -0.1379491 -0.2656126 0.9541593 0.1379491 0.2656126 -0.9541593 0.1379491 0.2656126 -0.9541593 -1.205739e-06 0.8660254 -0.5 -1.205739e-06 0.8660254 -0.5 -1.205739e-06 0.8660254 -0.5 1.205739e-06 -0.8660254 0.5 1.205739e-06 -0.8660254 0.5 1.205739e-06 -0.8660254 0.5 0 0 0 -1.205739e-06 0.8660254 -0.5 -1.205739e-06 0.8660254 -0.5 -1.205739e-06 0.8660254 -0.5 1.205739e-06 -0.8660254 0.5 1.205739e-06 -0.8660254 0.5 1.205739e-06 -0.8660254 0.5 -1.205739e-06 0.8660254 -0.5 -1.205739e-06 0.8660254 -0.5 -1.205739e-06 0.8660254 -0.5 1.205739e-06 -0.8660254 0.5 1.205739e-06 -0.8660254 0.5 1.205739e-06 -0.8660254 0.5 -0.1950908 0.4903924 0.849385 0.1950908 -0.4903924 -0.849385 0.9238797 -0.1913401 -0.331414 0.9238797 -0.1913401 -0.3314141 1 1.781959e-06 -5.152599e-07 -1 -1.781959e-06 5.152599e-07 -0.9238797 0.1913401 0.3314141 -0.9238797 0.1913401 0.331414 0 0 0 0.9238794 0.1913434 0.3314131 0.9238794 0.1913433 0.3314131 -0.9238794 -0.1913433 -0.3314131 -0.9238794 -0.1913434 -0.3314131 0 0 0 -0.7071065 -0.3535543 -0.6123723 0.7071065 0.3535543 0.6123723 0 0 0 -1.205739e-06 0.8660254 -0.5 -1.205739e-06 0.8660254 -0.5 -1.205739e-06 0.8660254 -0.5 1.205739e-06 -0.8660254 0.5 1.205739e-06 -0.8660254 0.5 1.205739e-06 -0.8660254 0.5 0 0 0 0.3826838 -0.4619393 -0.8001032 -0.3826838 0.4619393 0.8001032 0 0 0 -0.7071071 0.3535521 0.6123728 -0.3826838 0.4619391 0.8001034 -0.3826839 0.4619391 0.8001033 0.3826839 -0.4619391 -0.8001033 0.3826838 -0.4619391 -0.8001034 0.7071071 -0.3535521 -0.6123728 0 0 0 -1.205739e-06 0.8660254 -0.5 -1.205739e-06 0.8660254 -0.5 -1.205739e-06 0.8660254 -0.5 1.205739e-06 -0.8660254 0.5 1.205739e-06 -0.8660254 0.5 1.205739e-06 -0.8660254 0.5 -0.9238797 0.1913401 0.3314141 -0.9238797 0.1913401 0.331414 0.9238797 -0.1913401 -0.331414 0.9238797 -0.1913401 -0.3314141 0 0 0 -1 -1.781959e-06 5.152599e-07 -1 -1.781959e-06 5.152599e-07 1 1.781959e-06 -5.152599e-07 1 1.781959e-06 -5.152599e-07 0 0 0 1.172238e-06 -0.968391 -0.2494373 -1.172238e-06 0.968391 0.2494373 -0.2679593 -0.941741 -0.2032775 0.2679593 0.941741 0.2032775 0 0 0 0.382683 0.4619403 0.8001031 -0.382683 -0.4619403 -0.8001031 0 0 0 -0.9238794 -0.1913434 -0.3314131 0.9238794 0.1913434 0.3314131 -0.7071064 -0.3535547 -0.6123721 -0.9238794 -0.1913433 -0.3314131 0.9238794 0.1913433 0.3314131 0.7071064 0.3535547 0.6123721 0 0 0 -0.3826831 -0.4619404 -0.8001029 -0.382683 -0.4619405 -0.800103 0.382683 0.4619405 0.800103 0.3826831 0.4619404 0.8001029 0 0 0 -1.205739e-06 0.8660254 -0.5 -1.205739e-06 0.8660254 -0.5 -1.205739e-06 0.8660254 -0.5 1.205739e-06 -0.8660254 0.5 1.205739e-06 -0.8660254 0.5 1.205739e-06 -0.8660254 0.5 8.193773e-18 -0.8660254 0.5 8.193773e-18 -0.8660254 0.5 8.193773e-18 -0.8660254 0.5 -8.193773e-18 0.8660254 -0.5 -8.193773e-18 0.8660254 -0.5 -8.193773e-18 0.8660254 -0.5 0 0 0 0.1950899 0.4903929 0.8493849 -0.1950899 -0.4903929 -0.8493849 -0.1950908 0.4903924 0.849385 -0.1950908 0.4903924 0.849385 0.1950908 -0.4903924 -0.849385 0.1950908 -0.4903924 -0.849385 0.3826839 -0.4619391 -0.8001033 0.7071071 -0.3535521 -0.6123728 0.7071071 -0.3535521 -0.6123728 -0.7071071 0.3535521 0.6123728 -0.7071071 0.3535521 0.6123728 -0.3826839 0.4619391 0.8001033 0 0 0 -1.205739e-06 0.8660254 -0.5 -1.205739e-06 0.8660254 -0.5 -1.205739e-06 0.8660254 -0.5 1.205739e-06 -0.8660254 0.5 1.205739e-06 -0.8660254 0.5 1.205739e-06 -0.8660254 0.5 0 0 0 -4.447512e-07 0.5 0.8660254 -0.1950908 0.4903924 0.849385 0.1950908 -0.4903924 -0.849385 4.447512e-07 -0.5 -0.8660254 0 0 0 1 1.781959e-06 -5.152599e-07 -1 -1.781959e-06 5.152599e-07 0 0 0 0.7071064 0.3535547 0.6123721 -0.7071064 -0.3535547 -0.6123721 0 0 0 -0.382683 -0.4619403 -0.8001031 0.382683 0.4619403 0.8001031 0 0 0 -1.205739e-06 0.8660254 -0.5 -1.205739e-06 0.8660254 -0.5 -1.205739e-06 0.8660254 -0.5 1.205739e-06 -0.8660254 0.5 1.205739e-06 -0.8660254 0.5 1.205739e-06 -0.8660254 0.5 0.7071065 0.3535546 0.612372 -0.7071065 -0.3535546 -0.612372 4.447512e-07 -0.5 -0.8660254 -4.447512e-07 0.5 0.8660254 0 0 0 -5.186632e-07 0.5 0.8660254 5.186632e-07 -0.5 -0.8660254 0 0 0 -0.7071071 0.3535521 0.6123728 0.7071071 -0.3535521 -0.6123728 0 0 0 -1.205739e-06 0.8660254 -0.5 -1.205739e-06 0.8660254 -0.5 -1.205739e-06 0.8660254 -0.5 1.205739e-06 -0.8660254 0.5 1.205739e-06 -0.8660254 0.5 1.205739e-06 -0.8660254 0.5 0 0 0 1.172238e-06 -0.968391 -0.2494373 -1.172238e-06 0.968391 0.2494373 -0.382683 -0.4619403 -0.8001031 0.382683 0.4619403 0.8001031 -0.7071065 -0.3535546 -0.612372 0.7071065 0.3535546 0.612372 0 0 0 3.708393e-07 -0.5 -0.8660254 -3.708393e-07 0.5 0.8660254 0 0 0 -1.205739e-06 0.8660254 -0.5 -1.205739e-06 0.8660254 -0.5 -1.205739e-06 0.8660254 -0.5 1.205739e-06 -0.8660254 0.5 1.205739e-06 -0.8660254 0.5 1.205739e-06 -0.8660254 0.5 -2.950004e-07 0.5 0.8660254 -0.1950908 0.4903924 0.849385 0.1950908 -0.4903924 -0.849385 2.950004e-07 -0.5 -0.8660254 0.1950899 0.4903929 0.8493849 -0.1950899 -0.4903929 -0.8493849 0.1950899 0.4903929 0.8493849 -0.1950899 -0.4903929 -0.8493849 0.3826838 -0.4619391 -0.8001034 -0.3826838 0.4619391 0.8001034 0 0 0 -1.205739e-06 0.8660254 -0.5 -1.205739e-06 0.8660254 -0.5 -1.205739e-06 0.8660254 -0.5 1.205739e-06 -0.8660254 0.5 1.205739e-06 -0.8660254 0.5 1.205739e-06 -0.8660254 0.5 5.186632e-07 -0.5 -0.8660254 -5.186632e-07 0.5 0.8660254 -1.205739e-06 0.8660254 -0.5 -1.205739e-06 0.8660254 -0.5 -1.205739e-06 0.8660254 -0.5 1.205739e-06 -0.8660254 0.5 1.205739e-06 -0.8660254 0.5 1.205739e-06 -0.8660254 0.5 0 0 0 -1.205739e-06 0.8660254 -0.5 -1.205739e-06 0.8660254 -0.5 -1.205739e-06 0.8660254 -0.5 1.205739e-06 -0.8660254 0.5 1.205739e-06 -0.8660254 0.5 1.205739e-06 -0.8660254 0.5 0.3826831 0.4619404 0.8001029 -0.3826831 -0.4619404 -0.8001029 4.447512e-07 -0.5 -0.8660254 -4.447512e-07 0.5 0.8660254 0 0 0 -3.708393e-07 0.5 0.8660254 3.708393e-07 -0.5 -0.8660254 -1.205739e-06 0.8660254 -0.5 -1.205739e-06 0.8660254 -0.5 -1.205739e-06 0.8660254 -0.5 1.205739e-06 -0.8660254 0.5 1.205739e-06 -0.8660254 0.5 1.205739e-06 -0.8660254 0.5 -1.205739e-06 0.8660254 -0.5 -1.205739e-06 0.8660254 -0.5 -1.205739e-06 0.8660254 -0.5 1.205739e-06 -0.8660254 0.5 1.205739e-06 -0.8660254 0.5 1.205739e-06 -0.8660254 0.5 -1.205739e-06 0.8660254 -0.5 -1.205739e-06 0.8660254 -0.5 -1.205739e-06 0.8660254 -0.5 1.205739e-06 -0.8660254 0.5 1.205739e-06 -0.8660254 0.5 1.205739e-06 -0.8660254 0.5 0.382683 0.4619405 0.800103 -0.382683 -0.4619405 -0.800103 0 0 0 -1.205739e-06 0.8660254 -0.5 -1.205739e-06 0.8660254 -0.5 -1.205739e-06 0.8660254 -0.5 1.205739e-06 -0.8660254 0.5 1.205739e-06 -0.8660254 0.5 1.205739e-06 -0.8660254 0.5</float_array>
                    <technique_common>
                        <accessor count="665" source="#ID78" stride="3">
                            <param name="X" type="float" />
                            <param name="Y" type="float" />
                            <param name="Z" type="float" />
                        </accessor>
                    </technique_common>
                </source>
                <source id="ID74">
                    <Name_array id="ID80" count="0" />
                    <technique_common>
                        <accessor count="0" source="#ID80" stride="1">
                            <param name="skp_material" type="Name" />
                        </accessor>
                    </technique_common>
                </source>
                <source id="ID76">
                    <float_array id="ID79" count="954">0.682133 0.495069 0.740357 0.494955 0.683589 0.784635 0.740357 0.494955 0.741748 0.78434 0.683589 0.784635 0.682133 0.495069 0.683589 0.784635 0.629808 0.763142 0.679283 0.480608 0.740357 0.494955 0.682133 0.495069 0.680826 0.799091 0.683589 0.784635 0.741748 0.78434 0.740357 0.494955 0.794091 0.51708 0.741748 0.78434 0.629808 0.763142 0.683589 0.784635 0.680826 0.799091 0.627699 0.597502 0.682133 0.495069 0.629808 0.763142 0.628996 0.516799 0.679283 0.480608 0.682133 0.495069 0.679283 0.480608 0.74325 0.480608 0.740357 0.494955 0.680826 0.799091 0.741748 0.78434 0.744732 0.798672 0.794091 0.51708 0.7952 0.76204 0.741748 0.78434 0.74325 0.480608 0.794091 0.51708 0.621877 0.775155 0.629808 0.763142 0.627699 0.597502 0.629808 0.763142 0.617867 0.649054 0.628996 0.516799 0.627699 0.597502 0.628996 0.516799 0.621024 0.50485 0.679283 0.480608 0.606384 0.476337 0.606384 0.104989 0.656431 0.104989 0.256057 0.476337 0.20601 0.104989 0.256057 0.104989 0.741748 0.78434 0.7952 0.76204 0.744732 0.798672 0.794091 0.51708 0.835389 0.557947 0.7952 0.76204 0.74325 0.480608 0.802211 0.504927 0.794091 0.51708 0.621877 0.775155 0.589278 0.723674 0.629808 0.763142 0.155964 0.476337 0.155964 0.104989 0.20601 0.104989 0.589278 0.723674 0.617867 0.649054 0.629808 0.763142 0.981964 0.14658 0.898562 0.146763 0.981871 0.104368 0.587963 0.556719 0.628996 0.516799 0.627699 0.597502 0.656431 0.476337 0.656431 0.104989 0.706478 0.104989 0.587963 0.556719 0.621024 0.50485 0.628996 0.516799 0.656431 0.476337 0.606384 0.476337 0.656431 0.104989 0.606384 0.476337 0.556338 0.104989 0.606384 0.104989 0.256057 0.476337 0.256057 0.104989 0.306104 0.476337 0.20601 0.476337 0.20601 0.104989 0.256057 0.476337 0.744732 0.798672 0.7952 0.76204 0.803353 0.774088 0.835389 0.557947 0.83601 0.7212 0.7952 0.76204 0.794091 0.51708 0.802211 0.504927 0.835389 0.557947 0.621877 0.775155 0.577607 0.731656 0.589278 0.723674 0.155964 0.476337 0.20601 0.104989 0.20601 0.476337 0.105917 0.476337 0.155964 0.104989 0.155964 0.476337 0.566227 0.671896 0.617867 0.649054 0.589278 0.723674 0.898562 0.146763 0.981964 0.14658 0.974048 0.1978 0.898562 0.146763 0.898469 0.104551 0.981871 0.104368 0.574367 0.585176 0.587963 0.556719 0.627699 0.597502 0.706478 0.476337 0.656431 0.476337 0.706478 0.104989 0.587963 0.556719 0.5763 0.548481 0.621024 0.50485 0.229333 0.894735 0.284867 0.915576 0.281856 0.922593 0.606384 0.476337 0.556338 0.476337 0.556338 0.104989 0.306104 0.476337 0.256057 0.104989 0.306104 0.104989 0.716744 0.941249 0.655048 0.960235 0.653225 0.952178 0.774266 0.917486 0.716744 0.941249 0.714086 0.933633 0.7952 0.76204 0.83601 0.7212 0.803353 0.774088 0.835389 0.557947 0.857794 0.611112 0.83601 0.7212 0.802211 0.504927 0.847514 0.5498 0.835389 0.557947 0.577607 0.731656 0.566227 0.671896 0.589278 0.723674 0.105917 0.476337 0.105917 0.104989 0.155964 0.104989 0.831307 0.892008 0.774266 0.917486 0.827557 0.884933 0.885873 0.859494 0.831307 0.892008 0.882454 0.853991 0.564162 0.640714 0.617867 0.649054 0.566227 0.671896 0.974048 0.1978 0.981964 0.14658 0.982059 0.189596 0.898675 0.197967 0.898562 0.146763 0.974048 0.1978 0.898469 0.104551 0.97373 0.053183 0.981871 0.104368 0.847267 0.104665 0.898469 0.104551 0.898562 0.146763 0.561915 0.592786 0.574367 0.585176 0.627699 0.597502 0.574367 0.585176 0.5763 0.548481 0.587963 0.556719 0.178179 0.863905 0.181393 0.85885 0.229333 0.894735 0.756525 0.476337 0.706478 0.476337 0.706478 0.104989 0.756525 0.104989 0.756525 0.476337 0.706478 0.104989 0.229333 0.894735 0.232103 0.889566 0.284867 0.915576 0.281856 0.922593 0.284867 0.915576 0.341424 0.935456 0.556338 0.476337 0.506291 0.104989 0.556338 0.104989 0.281856 0.922593 0.341424 0.935456 0.339249 0.942897 0.306104 0.104989 0.356151 0.104989 0.306104 0.476337 0.653225 0.952178 0.655048 0.960235 0.589584 0.962471 0.714086 0.933633 0.716744 0.941249 0.653225 0.952178 0.771249 0.91047 0.774266 0.917486 0.714086 0.933633 0.803353 0.774088 0.83601 0.7212 0.848085 0.729208 0.857794 0.611112 0.857941 0.668331 0.83601 0.7212 0.835389 0.557947 0.847514 0.5498 0.857794 0.611112 0.577607 0.731656 0.552484 0.675192 0.566227 0.671896 0.105917 0.104989 0.105917 0.476337 0.05587 0.104989 0.827557 0.884933 0.774266 0.917486 0.771249 0.91047 0.882454 0.853991 0.831307 0.892008 0.827557 0.884933 0.933548 0.816263 0.885873 0.859494 0.882454 0.853991 0.552484 0.675192 0.564162 0.640714 0.566227 0.671896 0.552484 0.675192 0.549914 0.639754 0.564162 0.640714 0.847359 0.146877 0.847267 0.104665 0.898562 0.146763 0.05587001 0.104989 0.02734301 0.180362 0.02734301 0.104989 0.898356 0.053348 0.97373 0.053183 0.898469 0.104551 0.574367 0.585176 0.560646 0.580751 0.5763 0.548481 0.133104 0.824732 0.181393 0.85885 0.178179 0.863905 0.181393 0.85885 0.232103 0.889566 0.229333 0.894735 0.129288 0.829387 0.133104 0.824732 0.178179 0.863905 0.785051 0.180362 0.756525 0.476337 0.756525 0.104989 0.232103 0.889566 0.269691 0.815932 0.284867 0.915576 0.284867 0.915576 0.367002 0.855387 0.341424 0.935456 0.556338 0.476337 0.506291 0.476337 0.506291 0.104989 0.341424 0.935456 0.399995 0.949841 0.339249 0.942897 0.306104 0.476337 0.356151 0.104989 0.356151 0.476337 0.653225 0.952178 0.589584 0.962471 0.578051 0.87267 0.655048 0.960235 0.590413 0.970794 0.589584 0.962471 0.714086 0.933633 0.653225 0.952178 0.687317 0.849806 0.771249 0.91047 0.714086 0.933633 0.737247 0.831698 0.83601 0.7212 0.857941 0.668331 0.848085 0.729208 0.857794 0.611112 0.872001 0.608284 0.857941 0.668331 0.847514 0.5498 0.872001 0.608284 0.857794 0.611112 0.105917 0.476337 0.05587 0.476337 0.05587 0.104989 0.827557 0.884933 0.771249 0.91047 0.737247 0.831698 0.882454 0.853991 0.827557 0.884933 0.785873 0.807667 0.882454 0.853991 0.87956 0.745998 0.933548 0.816263 0.937778 0.821191 0.885873 0.859494 0.933548 0.816263 0.843114 0.12578 0.847267 0.104665 0.847359 0.146877 0.05587 0.104989 0.05587 0.476337 0.027343 0.180362 0.785051 0.104989 0.785051 0.180362 0.756525 0.104989 0.133104 0.824732 0.225644 0.790807 0.181393 0.85885 0.181393 0.85885 0.225644 0.790807 0.232103 0.889566 0.091941 0.785607 0.133104 0.824732 0.129288 0.829387 0.806571 0.476337 0.756525 0.476337 0.785051 0.180362 0.232103 0.889566 0.225644 0.790807 0.269691 0.815932 0.284867 0.915576 0.269691 0.815932 0.317916 0.837102 0.284867 0.915576 0.317916 0.837102 0.367002 0.855387 0.341424 0.935456 0.367002 0.855387 0.416743 0.868586 0.456244 0.476337 0.506291 0.104989 0.506291 0.476337 0.339249 0.942897 0.399995 0.949841 0.3984 0.95752 0.341424 0.935456 0.416743 0.868586 0.399995 0.949841 0.356151 0.104989 0.406197 0.104989 0.356151 0.476337 0.578051 0.87267 0.589584 0.962471 0.52236 0.876776 0.633712 0.863261 0.653225 0.952178 0.578051 0.87267 0.589584 0.962471 0.590413 0.970794 0.524345 0.965537 0.653225 0.952178 0.633712 0.863261 0.687317 0.849806 0.714086 0.933633 0.687317 0.849806 0.737247 0.831698 0.857941 0.668331 0.871916 0.671148 0.848085 0.729208 0.857941 0.668331 0.872001 0.608284 0.871916 0.671148 0.456244 0.104989 0.506291 0.104989 0.456244 0.476337 0.827557 0.884933 0.737247 0.831698 0.785873 0.807667 0.882454 0.853991 0.785873 0.807667 0.833866 0.778314 0.833866 0.778314 0.87956 0.745998 0.882454 0.853991 0.87956 0.745998 0.922049 0.710415 0.933548 0.816263 0.976954 0.772949 0.937778 0.821191 0.933548 0.816263 0.8065718 0.1803622 0.8065718 0.4763375 0.7850517 0.1803622 0.027343 0.180362 0.005823 0.476337 0.005823 0.180362 0.05587002 0.4763372 0.005823002 0.4763372 0.02734301 0.1803621 0.184897 0.76003 0.225644 0.790807 0.133104 0.824732 0.087056 0.789034 0.091941 0.785607 0.129288 0.829387 0.091941 0.785607 0.184897 0.76003 0.133104 0.824732 0.3984 0.95752 0.46046 0.960833 0.459472 0.968839 0.399995 0.949841 0.46046 0.960833 0.3984 0.95752 0.46046 0.960833 0.399995 0.949841 0.416743 0.868586 0.356151 0.476337 0.406197 0.104989 0.406197 0.476337 0.589584 0.962471 0.524345 0.965537 0.52236 0.876776 0.590413 0.970794 0.524222 0.974194 0.524345 0.965537 0.4061972 0.1049891 0.4562443 0.1049891 0.4061972 0.4763373 0.4061972 0.4763373 0.4562443 0.1049891 0.4562443 0.4763373 0.933548 0.816263 0.922049 0.710415 0.976954 0.772949 0.982317 0.776522 0.937778 0.821191 0.976954 0.772949 0.14386 0.724922 0.184897 0.76003 0.091941 0.785607 0.46046 0.960833 0.524345 0.965537 0.459472 0.968839 0.468202 0.875353 0.46046 0.960833 0.416743 0.868586 0.52236 0.876776 0.524345 0.965537 0.468202 0.875353 0.459472 0.968839 0.524345 0.965537 0.524222 0.974194 0.524345 0.965537 0.46046 0.960833 0.468202 0.875353</float_array>
                    <technique_common>
                        <accessor count="477" source="#ID79" stride="2">
                            <param name="S" type="float" />
                            <param name="T" type="float" />
                        </accessor>
                    </technique_common>
                </source>
                <vertices id="ID75">
                    <input semantic="POSITION" source="#ID72" />
                    <input semantic="NORMAL" source="#ID73" />
                </vertices>
                <triangles count="160" material="Material2">
                    <input offset="0" semantic="VERTEX" source="#ID75" />
                    <input offset="1" semantic="TEXCOORD" source="#ID76" />
                    <p>0 0 1 1 2 2 9 3 10 4 11 5 0 6 2 7 16 8 19 9 20 10 21 11 26 12 27 13 28 14 33 15 34 16 35 17 40 18 27 19 26 20 42 21 43 22 44 23 49 24 19 25 21 26 19 27 52 28 20 29 26 30 28 31 55 32 58 33 59 34 60 35 52 36 65 37 20 3 67 38 40 39 26 20 70 40 71 41 72 42 77 43 78 22 79 44 49 45 83 46 19 47 86 48 87 49 88 50 93 51 94 52 95 53 28 54 100 55 55 56 102 57 103 58 104 59 52 60 109 61 65 62 67 63 112 64 40 65 115 66 116 67 94 68 120 69 121 70 122 71 126 72 127 73 128 74 133 75 134 76 135 77 140 78 88 79 141 80 145 81 83 82 49 83 140 84 86 85 88 86 86 87 147 88 87 89 93 90 95 91 149 92 152 93 94 94 93 95 55 96 100 97 155 98 158 99 159 100 160 101 65 102 109 103 165 104 67 105 167 106 112 107 115 108 94 109 152 110 170 111 116 112 115 113 173 114 174 115 175 116 180 117 181 118 182 119 187 120 188 121 189 122 194 123 195 124 196 125 201 126 140 127 141 128 145 129 204 130 83 131 207 132 208 133 209 134 86 135 214 136 147 137 149 138 95 139 217 140 219 141 220 142 221 143 226 144 227 145 228 146 100 147 233 148 155 149 235 150 236 151 237 152 109 153 242 154 165 155 167 156 245 157 112 158 170 159 247 160 116 161 249 162 250 163 251 164 256 165 257 166 258 167 263 168 264 169 265 170 270 171 271 172 272 173 276 174 277 175 278 176 283 177 284 178 285 179 290 180 291 181 292 182 297 183 298 184 299 185 303 186 204 187 145 188 305 189 306 190 307 191 312 192 201 193 141 194 315 195 312 196 141 197 317 198 318 199 319 200 324 201 325 202 326 203 214 204 331 205 147 206 333 207 334 208 335 209 217 210 339 211 149 212 342 213 343 214 344 215 349 216 350 217 351 218 355 219 356 220 357 221 155 222 233 223 362 224 364 225 365 226 366 227 165 228 242 229 371 230 167 231 373 232 245 233 247 234 170 235 376 236 378 237 379 238 380 239 384 240 385 241 386 242 390 243 391 244 392 245 373 246 397 247 245 248 373 249 399 250 400 251 403 252 404 253 405 254 376 255 409 256 410 257 413 258 414 259 415 260 419 261 420 262 204 263 423 264 424 265 425 266 430 267 431 268 432 269 436 270 437 271 438 272 442 273 312 274 315 275 444 276 445 277 446 278 446 279 451 280 452 281 214 282 456 283 331 284 459 285 460 286 461 287 149 288 339 289 466 290 469 291 470 292 471 293 476 294 477 295 478 296 482 297 469 298 483 299 487 300 482 301 488 302 233 303 492 304 362 305 371 306 494 307 492 308 242 309 494 310 371 311 170 312 497 313 376 314 500 315 487 316 488 317 502 318 500 319 503 320 502 321 507 322 508 323 512 324 513 325 514 326 518 327 519 328 520 329 376 330 497 331 525 332 527 333 528 334 315 335 531 336 532 337 533 338 533 339 532 340 444 341 538 342 539 343 540 344 545 345 312 346 546 347 444 348 532 349 445 350 446 351 445 352 550 353 446 354 550 355 451 356 452 357 451 358 553 359 556 360 331 361 456 362 559 363 560 364 561 365 452 366 553 367 565 368 339 369 567 370 466 371 471 372 470 373 570 374 573 375 469 376 471 377 576 378 577 379 578 380 469 381 573 382 483 383 482 384 483 385 488 386 492 387 583 388 362 389 492 390 494 391 583 392 585 393 331 394 556 395 500 396 488 397 503 398 502 399 503 400 587 401 587 402 507 403 502 404 507 405 590 406 508 407 593 408 594 409 595 410 599 411 545 412 600 413 603 414 545 415 599 416 497 417 545 418 605 419 607 420 532 421 531 422 610 423 611 424 612 425 616 426 607 427 531 428 618 429 619 430 620 431 625 432 626 433 627 434 631 435 565 436 553 437 466 438 567 439 633 440 470 441 636 442 570 443 638 444 639 445 640 446 567 447 585 448 633 449 633 450 585 451 556 452 508 453 590 454 616 455 644 456 645 457 646 458 590 459 607 460 616 461 650 462 651 463 652 464 656 465 631 466 553 467 570 468 636 469 656 470 659 471 660 472 661 473 636 474 631 475 656 476</p>
                </triangles>
                <triangles count="160" material="Material3">
                    <input offset="0" semantic="VERTEX" source="#ID75" />
                    <p>3 4 5 12 13 14 17 3 5 22 23 24 29 30 31 36 37 38 31 30 41 45 46 47 22 24 50 23 53 24 56 29 31 61 62 63 23 66 53 31 41 68 73 74 75 80 81 82 24 84 50 89 90 91 96 97 98 56 101 29 105 106 107 66 110 53 41 113 68 97 117 118 123 124 125 129 130 131 136 137 138 142 89 143 50 84 146 89 91 143 90 148 91 150 96 98 98 97 153 156 101 56 161 162 163 166 110 66 113 168 68 153 97 118 118 117 171 176 177 178 183 184 185 190 191 192 197 198 199 142 143 202 84 205 146 210 211 212 148 215 91 218 96 150 222 223 224 229 230 231 156 234 101 238 239 240 166 243 110 113 246 168 117 248 171 252 253 254 259 260 261 266 267 268 273 274 275 279 280 281 286 287 288 293 294 295 300 301 302 146 205 304 308 309 310 142 202 313 142 313 316 320 321 322 327 328 329 148 332 215 336 337 338 150 340 218 345 346 347 352 353 354 358 359 360 363 234 156 367 368 369 372 243 166 246 374 168 377 171 248 381 382 383 387 388 389 393 394 395 246 398 374 401 402 374 406 407 408 411 412 377 416 417 418 205 421 422 426 427 428 433 434 435 439 440 441 316 313 443 447 448 449 453 454 447 332 457 215 462 463 464 467 340 150 472 473 474 479 480 481 484 474 485 489 485 490 363 493 234 493 495 372 372 495 243 377 498 171 489 490 501 504 501 505 509 510 505 515 516 517 521 522 523 526 498 377 316 529 530 534 535 536 449 535 534 541 542 543 547 313 548 448 535 449 551 448 447 454 551 447 554 454 453 457 332 557 562 563 564 566 554 453 467 568 340 571 473 472 472 474 574 579 580 581 484 574 474 489 484 485 363 584 493 584 495 493 557 332 586 504 489 501 588 504 505 505 510 588 509 591 510 596 597 598 601 548 602 602 548 604 606 548 498 536 535 608 613 614 615 536 608 617 621 622 623 628 629 630 554 566 632 634 568 467 571 637 473 641 642 643 634 586 568 557 586 634 617 591 509 647 648 649 617 608 591 653 654 655 554 632 657 657 637 571 662 663 664 657 632 637</p>
                </triangles>
                <lines count="248" material="Material4">
                    <input offset="0" semantic="VERTEX" source="#ID75" />
                    <p>6 7 6 8 7 8 6 15 15 7 18 6 18 8 8 25 7 25 32 15 6 32 15 39 39 7 32 18 18 48 8 48 8 51 51 25 54 7 25 54 57 32 15 57 15 64 64 39 39 54 69 18 32 69 18 76 76 48 48 51 85 25 85 51 25 92 54 92 57 99 99 32 57 64 64 108 108 39 39 111 54 111 69 114 114 18 32 119 69 119 114 76 132 76 48 132 48 139 51 139 85 144 25 144 139 85 92 144 92 111 151 57 99 151 32 154 154 99 157 57 157 64 64 164 164 108 108 111 169 114 69 169 119 154 172 119 69 172 76 179 179 114 186 76 186 132 48 193 193 132 48 200 139 200 144 203 85 203 206 85 139 206 144 213 92 213 111 216 216 92 157 151 225 151 225 99 232 99 232 154 157 164 164 241 241 108 108 244 111 244 169 179 169 172 255 154 255 119 262 119 262 172 269 179 269 76 186 269 132 282 282 186 193 289 48 289 132 296 193 296 200 289 200 206 203 311 144 311 85 314 203 314 206 314 144 323 213 323 92 330 330 213 216 244 216 330 341 157 151 341 225 348 348 151 232 225 361 232 361 154 341 164 164 370 370 241 241 244 179 375 169 375 375 172 255 361 262 255 396 262 396 172 375 269 375 186 282 296 375 282 289 296 289 206 203 429 311 429 323 311 314 429 314 296 296 206 323 450 213 450 455 213 330 455 244 458 458 216 216 465 465 330 151 468 341 468 348 475 475 225 348 468 486 225 232 486 491 232 361 491 341 370 496 241 370 496 244 496 375 499 499 172 255 491 255 506 262 506 262 511 396 511 396 499 296 524 524 282 499 282 429 537 311 537 323 537 314 544 429 544 296 549 314 549 450 537 213 552 552 450 455 552 555 455 555 330 558 458 558 244 458 465 465 555 569 341 468 569 572 348 475 572 225 575 575 475 348 582 582 468 486 575 491 486 370 569 496 569 496 558 506 491 262 589 589 506 511 589 592 511 396 592 544 396 544 499 524 549 549 282 549 499 537 609 429 609 549 544 544 609 458 624 558 624 624 465 555 624 468 635 569 635 582 572 582 635 635 496 635 558 544 592 609 592 558 582 582 624 624 658 658 555 658 582 572 658</p>
                </lines>
            </mesh>
        </geometry>
        <geometry id="ID81">
            <mesh>
                <source id="ID87">
                    <float_array id="ID92" count="300">1.615506 14.53732 8.709442 9.49471 13.75369 7.352144 0.5682899 13.75368 7.352146 0.5682899 13.75368 7.352146 9.49471 13.75369 7.352144 1.615506 14.53732 8.709442 0.5682899 13.75368 7.352146 1.615506 14.53732 8.709442 9.49471 13.75369 7.352144 1.615506 14.53732 8.709442 8.447493 14.53733 8.709441 9.49471 13.75369 7.352144 9.49471 13.75369 7.352144 8.447493 14.53733 8.709441 1.615506 14.53732 8.709442 8.447493 14.53733 8.709441 0.5682899 13.75368 7.352146 9.49471 13.75369 7.352144 9.862445 12.82933 5.751104 9.862445 12.82933 5.751104 9.49471 13.75369 7.352144 0.5682899 13.75368 7.352146 9.862445 12.82933 5.751104 3.182777 15.06093 9.616359 8.447493 14.53733 8.709441 1.615506 14.53732 8.709442 1.615506 14.53732 8.709442 8.447493 14.53733 8.709441 3.182777 15.06093 9.616359 3.182777 15.06093 9.616359 0.5682899 13.75368 7.352146 9.862445 12.82933 5.751104 0.200557 12.82932 5.751106 0.200557 12.82932 5.751106 9.862445 12.82933 5.751104 0.5682899 13.75368 7.352146 0.200557 12.82932 5.751106 3.182777 15.06093 9.616359 6.880221 15.06094 9.616358 8.447493 14.53733 8.709441 8.447493 14.53733 8.709441 6.880221 15.06094 9.616358 3.182777 15.06093 9.616359 6.880221 15.06094 9.616358 0.200557 12.82932 5.751106 9.862445 12.82933 5.751104 9.494712 11.90497 4.150063 9.494712 11.90497 4.150063 9.862445 12.82933 5.751104 0.200557 12.82932 5.751106 9.494712 11.90497 4.150063 5.031499 15.2448 9.934825 6.880221 15.06094 9.616358 3.182777 15.06093 9.616359 3.182777 15.06093 9.616359 6.880221 15.06094 9.616358 5.031499 15.2448 9.934825 5.031499 15.2448 9.934825 0.200557 12.82932 5.751106 9.494712 11.90497 4.150063 0.5682915 11.90496 4.150065 0.5682915 11.90496 4.150065 9.494712 11.90497 4.150063 0.200557 12.82932 5.751106 0.5682915 11.90496 4.150065 0.5682915 11.90496 4.150065 9.494712 11.90497 4.150063 8.447496 11.12134 2.792767 8.447496 11.12134 2.792767 9.494712 11.90497 4.150063 0.5682915 11.90496 4.150065 8.447496 11.12134 2.792767 0.5682915 11.90496 4.150065 8.447496 11.12134 2.792767 1.615509 11.12133 2.792769 1.615509 11.12133 2.792769 8.447496 11.12134 2.792767 0.5682915 11.90496 4.150065 1.615509 11.12133 2.792769 1.615509 11.12133 2.792769 8.447496 11.12134 2.792767 6.880225 10.59773 1.885851 6.880225 10.59773 1.885851 8.447496 11.12134 2.792767 1.615509 11.12133 2.792769 6.880225 10.59773 1.885851 1.615509 11.12133 2.792769 6.880225 10.59773 1.885851 3.182781 10.59772 1.885852 3.182781 10.59772 1.885852 6.880225 10.59773 1.885851 1.615509 11.12133 2.792769 3.182781 10.59772 1.885852 3.182781 10.59772 1.885852 6.880225 10.59773 1.885851 5.031503 10.41386 1.567385 5.031503 10.41386 1.567385 6.880225 10.59773 1.885851 3.182781 10.59772 1.885852 5.031503 10.41386 1.567385</float_array>
                    <technique_common>
                        <accessor count="100" source="#ID92" stride="3">
                            <param name="X" type="float" />
                            <param name="Y" type="float" />
                            <param name="Z" type="float" />
                        </accessor>
                    </technique_common>
                </source>
                <source id="ID88">
                    <float_array id="ID93" count="300">-1.205739e-06 0.8660254 -0.5 -1.205739e-06 0.8660254 -0.5 -1.205739e-06 0.8660254 -0.5 1.205739e-06 -0.8660254 0.5 1.205739e-06 -0.8660254 0.5 1.205739e-06 -0.8660254 0.5 0 0 0 0 0 0 0 0 0 -1.205739e-06 0.8660254 -0.5 -1.205739e-06 0.8660254 -0.5 -1.205739e-06 0.8660254 -0.5 1.205739e-06 -0.8660254 0.5 1.205739e-06 -0.8660254 0.5 1.205739e-06 -0.8660254 0.5 0 0 0 -1.205739e-06 0.8660254 -0.5 -1.205739e-06 0.8660254 -0.5 -1.205739e-06 0.8660254 -0.5 1.205739e-06 -0.8660254 0.5 1.205739e-06 -0.8660254 0.5 1.205739e-06 -0.8660254 0.5 0 0 0 -1.205739e-06 0.8660254 -0.5 -1.205739e-06 0.8660254 -0.5 -1.205739e-06 0.8660254 -0.5 1.205739e-06 -0.8660254 0.5 1.205739e-06 -0.8660254 0.5 1.205739e-06 -0.8660254 0.5 0 0 0 -1.205739e-06 0.8660254 -0.5 -1.205739e-06 0.8660254 -0.5 -1.205739e-06 0.8660254 -0.5 1.205739e-06 -0.8660254 0.5 1.205739e-06 -0.8660254 0.5 1.205739e-06 -0.8660254 0.5 0 0 0 -1.205739e-06 0.8660254 -0.5 -1.205739e-06 0.8660254 -0.5 -1.205739e-06 0.8660254 -0.5 1.205739e-06 -0.8660254 0.5 1.205739e-06 -0.8660254 0.5 1.205739e-06 -0.8660254 0.5 0 0 0 -1.205739e-06 0.8660254 -0.5 -1.205739e-06 0.8660254 -0.5 -1.205739e-06 0.8660254 -0.5 1.205739e-06 -0.8660254 0.5 1.205739e-06 -0.8660254 0.5 1.205739e-06 -0.8660254 0.5 0 0 0 -1.205739e-06 0.8660254 -0.5 -1.205739e-06 0.8660254 -0.5 -1.205739e-06 0.8660254 -0.5 1.205739e-06 -0.8660254 0.5 1.205739e-06 -0.8660254 0.5 1.205739e-06 -0.8660254 0.5 0 0 0 -1.205739e-06 0.8660254 -0.5 -1.205739e-06 0.8660254 -0.5 -1.205739e-06 0.8660254 -0.5 1.205739e-06 -0.8660254 0.5 1.205739e-06 -0.8660254 0.5 1.205739e-06 -0.8660254 0.5 0 0 0 -1.205739e-06 0.8660254 -0.5 -1.205739e-06 0.8660254 -0.5 -1.205739e-06 0.8660254 -0.5 1.205739e-06 -0.8660254 0.5 1.205739e-06 -0.8660254 0.5 1.205739e-06 -0.8660254 0.5 0 0 0 -1.205739e-06 0.8660254 -0.5 -1.205739e-06 0.8660254 -0.5 -1.205739e-06 0.8660254 -0.5 1.205739e-06 -0.8660254 0.5 1.205739e-06 -0.8660254 0.5 1.205739e-06 -0.8660254 0.5 0 0 0 -1.205739e-06 0.8660254 -0.5 -1.205739e-06 0.8660254 -0.5 -1.205739e-06 0.8660254 -0.5 1.205739e-06 -0.8660254 0.5 1.205739e-06 -0.8660254 0.5 1.205739e-06 -0.8660254 0.5 0 0 0 -1.205739e-06 0.8660254 -0.5 -1.205739e-06 0.8660254 -0.5 -1.205739e-06 0.8660254 -0.5 1.205739e-06 -0.8660254 0.5 1.205739e-06 -0.8660254 0.5 1.205739e-06 -0.8660254 0.5 0 0 0 -1.205739e-06 0.8660254 -0.5 -1.205739e-06 0.8660254 -0.5 -1.205739e-06 0.8660254 -0.5 1.205739e-06 -0.8660254 0.5 1.205739e-06 -0.8660254 0.5 1.205739e-06 -0.8660254 0.5 0 0 0</float_array>
                    <technique_common>
                        <accessor count="100" source="#ID93" stride="3">
                            <param name="X" type="float" />
                            <param name="Y" type="float" />
                            <param name="Z" type="float" />
                        </accessor>
                    </technique_common>
                </source>
                <source id="ID89">
                    <Name_array id="ID95" count="0" />
                    <technique_common>
                        <accessor count="0" source="#ID95" stride="1">
                            <param name="skp_material" type="Name" />
                        </accessor>
                    </technique_common>
                </source>
                <source id="ID91">
                    <float_array id="ID94" count="84">0 0.400544 0.783227 0.0761205 4.2962e-09 0.599456 1.110223e-16 0.4005439 0.5994558 4.440892e-16 0.7832268 0.07612048 4.2962e-09 0.599456 0.783227 0.0761205 0.92388 0.216773 0.07612046 0.2167729 0.5994557 -4.440892e-16 4.440892e-16 0.4005438 4.296202e-09 0.5994562 0.9238804 0.2167731 0.07612053 0.7832273 0.0761205 0.216773 0.400544 4.2962e-09 0.599456 0 0.0761205 0.783227 0.92388 0.216773 1 0.400544 0.216773 0.0761205 0.400544 4.2962e-09 0.0761205 0.216773 0.07612054 0.7832274 1 0.4005442 0.2167731 0.9238804 0.2167729 0.9238798 0.9999997 0.4005439 0.9999997 0.5994558 0.2167729 0.9238798 0.9999997 0.5994558 0.4005439 0.9999997 0.400544 1 1 0.599456 0.92388 0.783227 0.400544 1 0.92388 0.783227 0.599456 1 0.599456 1 0.92388 0.783227 0.783227 0.92388</float_array>
                    <technique_common>
                        <accessor count="42" source="#ID94" stride="2">
                            <param name="S" type="float" />
                            <param name="T" type="float" />
                        </accessor>
                    </technique_common>
                </source>
                <vertices id="ID90">
                    <input semantic="POSITION" source="#ID87" />
                    <input semantic="NORMAL" source="#ID88" />
                </vertices>
                <triangles count="14" material="Material3">
                    <input offset="0" semantic="VERTEX" source="#ID90" />
                    <input offset="1" semantic="TEXCOORD" source="#ID91" />
                    <p>0 0 1 1 2 2 9 3 10 4 11 5 16 6 17 7 18 8 23 9 24 10 25 11 30 12 31 13 32 14 37 15 38 16 39 17 44 18 45 19 46 20 51 21 52 22 53 23 58 24 59 25 60 26 65 27 66 28 67 29 72 30 73 31 74 32 79 33 80 34 81 35 86 36 87 37 88 38 93 39 94 40 95 41</p>
                </triangles>
                <triangles count="14" material="Material2">
                    <input offset="0" semantic="VERTEX" source="#ID90" />
                    <p>3 4 5 12 13 14 19 20 21 26 27 28 33 34 35 40 41 42 47 48 49 54 55 56 61 62 63 68 69 70 75 76 77 82 83 84 89 90 91 96 97 98</p>
                </triangles>
                <lines count="29" material="Material4">
                    <input offset="0" semantic="VERTEX" source="#ID90" />
                    <p>6 7 7 8 6 8 7 15 15 8 6 22 8 22 7 29 29 15 36 6 36 22 29 43 43 15 36 50 22 50 57 43 29 57 64 36 64 50 64 71 50 71 78 64 78 71 78 85 71 85 92 78 92 85 99 92 85 99</p>
                </lines>
            </mesh>
        </geometry>
    </library_geometries>
    <library_materials>
        <material id="ID7" name="material_1">
            <instance_effect url="#ID8" />
        </material>
        <material id="ID18" name="material">
            <instance_effect url="#ID17" />
        </material>
        <material id="ID19" name="edge_color787876255">
            <instance_effect url="#ID20" />
        </material>
        <material id="ID53" name="edge_color000255">
            <instance_effect url="#ID54" />
        </material>
        <material id="ID82" name="material_2">
            <instance_effect url="#ID83" />
        </material>
    </library_materials>
    <library_effects>
        <effect id="ID8">
            <profile_COMMON>
                <newparam sid="ID10">
                    <surface type="2D">
                        <init_from>ID9</init_from>
                    </surface>
                </newparam>
                <newparam sid="ID11">
                    <sampler2D>
                        <source>ID10</source>
                    </sampler2D>
                </newparam>
                <technique sid="COMMON">
                    <lambert>
                        <diffuse>
                            <texture texture="ID11" texcoord="UVSET0" />
                        </diffuse>
                    </lambert>
                </technique>
            </profile_COMMON>
        </effect>
        <effect id="ID17">
            <profile_COMMON>
                <technique sid="COMMON">
                    <lambert>
                        <diffuse>
                            <color>0.3921569 0.572549 0.7843137 1</color>
                        </diffuse>
                    </lambert>
                </technique>
            </profile_COMMON>
        </effect>
        <effect id="ID20">
            <profile_COMMON>
                <technique sid="COMMON">
                    <constant>
                        <transparent opaque="A_ONE">
                            <color>0.3058824 0.3058824 0.2980392 1</color>
                        </transparent>
                        <transparency>
                            <float>1</float>
                        </transparency>
                    </constant>
                </technique>
            </profile_COMMON>
        </effect>
        <effect id="ID54">
            <profile_COMMON>
                <technique sid="COMMON">
                    <constant>
                        <transparent opaque="A_ONE">
                            <color>0 0 0 1</color>
                        </transparent>
                        <transparency>
                            <float>1</float>
                        </transparency>
                    </constant>
                </technique>
            </profile_COMMON>
        </effect>
        <effect id="ID83">
            <profile_COMMON>
                <newparam sid="ID85">
                    <surface type="2D">
                        <init_from>ID84</init_from>
                    </surface>
                </newparam>
                <newparam sid="ID86">
                    <sampler2D>
                        <source>ID85</source>
                    </sampler2D>
                </newparam>
                <technique sid="COMMON">
                    <lambert>
                        <diffuse>
                            <texture texture="ID86" texcoord="UVSET0" />
                        </diffuse>
                    </lambert>
                </technique>
            </profile_COMMON>
        </effect>
    </library_effects>
    <library_images>
        <image id="ID9">
            <init_from>model/material_1.tif</init_from>
        </image>
        <image id="ID84">
            <init_from>model/material_2.tif</init_from>
        </image>
    </library_images>
    <scene>
        <instance_visual_scene url="#ID3" />
    </scene>
</COLLADA>
