# WaveFront *.obj file (generated by Autodesk ATF)

mtllib ImageProj3ArenaBase.mtl

g Solid1

v -12.000000 -0.100000 0.000000
v -12.000000 4.900000 0.000000
v -11.942702 -0.100000 -1.306069
v -11.942702 -0.100000 1.306069
v -11.942702 4.900000 -1.306069
v -11.942702 4.900000 1.306069
v -11.771325 -0.100000 -2.599813
v -11.771325 -0.100000 2.599813
v -11.771325 4.900000 -2.599813
v -11.771325 4.900000 2.599813
v -11.500000 3.000000 0.000000
v -11.500000 4.900000 0.000000
v -11.487420 -0.100000 -3.869011
v -11.487420 -0.100000 3.869011
v -11.487420 4.900000 -3.869011
v -11.487420 4.900000 3.869011
v -11.444624 3.000000 -1.262262
v -11.444624 3.000000 1.262262
v -11.444624 4.900000 -1.262262
v -11.444624 4.900000 1.262262
v -11.279031 3.000000 -2.512368
v -11.279031 3.000000 2.512368
v -11.279031 4.900000 -2.512368
v -11.279031 4.900000 2.512368
v -11.093562 -0.100000 -5.101647
v -11.093562 -0.100000 5.101647
v -11.093562 4.900000 -5.101647
v -11.093562 4.900000 5.101647
v -11.004814 3.000000 -3.738278
v -11.004814 3.000000 3.738278
v -11.004814 4.900000 -3.738278
v -11.004814 4.900000 3.738278
v -10.624614 3.000000 -4.928187
v -10.624614 3.000000 4.928187
v -10.624614 4.900000 -4.928187
v -10.624614 4.900000 4.928187
v -10.593327 -0.100000 -6.286016
v -10.593328 -0.100000 6.286016
v -10.593327 4.900000 -6.286016
v -10.593328 4.900000 6.286016
v -10.500000 2.000000 0.000000
v -10.500000 3.000000 0.000000
v -10.449440 2.000000 -1.176206
v -10.449440 2.000000 1.176206
v -10.449440 3.000000 -1.176206
v -10.449440 3.000000 1.176206
v -10.298245 2.000000 -2.341084
v -10.298245 2.000000 2.341084
v -10.298245 3.000000 -2.341084
v -10.298245 3.000000 2.341084
v -10.142094 3.000000 -6.070635
v -10.142094 3.000000 6.070635
v -10.142094 4.900000 -6.070635
v -10.142094 4.900000 6.070635
v -10.047874 2.000000 -3.483416
v -10.047874 2.000000 3.483416
v -10.047874 3.000000 -3.483416
v -10.047874 3.000000 3.483416
v -9.991274 -0.100000 -7.410818
v -9.991275 -0.100000 7.410818
v -9.991274 4.900000 -7.410818
v -9.991275 4.900000 7.410818
v -9.700735 2.000000 -4.592201
v -9.700735 2.000000 4.592201
v -9.700735 3.000000 -4.592201
v -9.700735 3.000000 4.592201
v -9.561901 3.000000 -7.154619
v -9.561901 3.000000 7.154619
v -9.561901 4.900000 -7.154619
v -9.561901 4.900000 7.154619
v -9.500000 1.000000 0.000000
v -9.500000 2.000000 0.000000
v -9.454255 1.000000 -1.078189
v -9.454255 1.000000 1.078189
v -9.454255 2.000000 -1.078189
v -9.454255 2.000000 1.078189
v -9.317460 1.000000 -2.145994
v -9.317460 1.000000 2.145994
v -9.317460 2.000000 -2.145994
v -9.317460 2.000000 2.145994
v -9.292913 -0.100000 -8.465259
v -9.292913 -0.100000 8.465259
v -9.292913 4.900000 -8.465259
v -9.292913 4.900000 8.465259
v -9.260173 2.000000 -5.656761
v -9.260173 2.000000 5.656761
v -9.260173 3.000000 -5.656761
v -9.260173 3.000000 5.656761
v -9.090933 1.000000 -3.193131
v -9.090933 1.000000 3.193131
v -9.090933 2.000000 -3.193131
v -9.090933 2.000000 3.193131
v -8.889620 3.000000 -8.169700
v -8.889620 3.000000 8.169700
v -8.889620 4.900000 -8.169700
v -8.889620 4.900000 8.169700
v -8.776855 1.000000 -4.209518
v -8.776855 1.000000 4.209518
v -8.776855 2.000000 -4.209518
v -8.776855 2.000000 4.209518
v -8.730431 2.000000 -6.666843
v -8.730431 2.000000 6.666843
v -8.730431 3.000000 -6.666843
v -8.730431 3.000000 6.666843
v -8.504671 -0.100000 -9.439139
v -8.504671 -0.100000 9.439139
v -8.504671 4.900000 -9.439139
v -8.504671 4.900000 9.439139
v -8.500000 0.000000 0.000000
v -8.500000 1.000000 0.000000
v -8.459070 0.000000 -0.980171
v -8.459070 0.000000 0.980171
v -8.459070 1.000000 -0.980171
v -8.459070 1.000000 0.980171
v -8.378252 1.000000 -5.185364
v -8.378252 1.000000 5.185364
v -8.378252 2.000000 -5.185364
v -8.378252 2.000000 5.185364
v -8.336675 0.000000 -1.950903
v -8.336675 0.000000 1.950903
v -8.336675 1.000000 -1.950903
v -8.336675 1.000000 1.950903
v -8.133993 0.000000 -2.902847
v -8.133993 0.000000 2.902847
v -8.133993 1.000000 -2.902847
v -8.133993 1.000000 2.902847
v -8.131728 3.000000 -9.106102
v -8.131728 3.000000 9.106102
v -8.131728 4.900000 -9.106102
v -8.131728 4.900000 9.106102
v -8.116609 2.000000 -7.612719
v -8.116609 2.000000 7.612719
v -8.116609 3.000000 -7.612719
v -8.116609 3.000000 7.612719
v -7.898961 1.000000 -6.111273
v -7.898961 1.000000 6.111273
v -7.898961 2.000000 -6.111273
v -7.898961 2.000000 6.111273
v -7.852976 0.000000 -3.826834
v -7.852976 0.000000 3.826834
v -7.852976 1.000000 -3.826834
v -7.852976 1.000000 3.826834
v -7.633855 -0.100000 -10.322954
v -7.633855 -0.100000 10.322955
v -7.633855 4.900000 -10.322954
v -7.633855 4.900000 10.322955
v -7.496331 0.000000 -4.713967
v -7.496331 0.000000 4.713967
v -7.496331 1.000000 -4.713967
v -7.496331 1.000000 4.713967
v -7.424621 2.000000 -8.485281
v -7.424621 2.000000 8.485281
v -7.424621 3.000000 -8.485281
v -7.424621 3.000000 8.485281
v -7.343599 1.000000 -6.978326
v -7.343599 1.000000 6.978326
v -7.343599 2.000000 -6.978326
v -7.343599 2.000000 6.978326
v -7.295523 3.000000 -9.954808
v -7.295523 3.000000 9.954808
v -7.295523 4.900000 -9.954808
v -7.295523 4.900000 9.954808
v -7.067492 0.000000 -5.555702
v -7.067492 0.000000 5.555702
v -7.067492 1.000000 -5.555702
v -7.067492 1.000000 5.555702
v -6.717514 1.000000 -7.778174
v -6.717514 1.000000 7.778174
v -6.717514 2.000000 -7.778174
v -6.717514 2.000000 7.778174
v -6.688608 -0.100000 -11.107981
v -6.688608 -0.100000 11.107981
v -6.688608 4.900000 -11.107981
v -6.688608 4.900000 11.107981
v -6.661130 2.000000 -9.276126
v -6.661130 2.000000 9.276126
v -6.661130 3.000000 -9.276126
v -6.661130 3.000000 9.276126
v -6.570589 0.000000 -6.343933
v -6.570589 0.000000 6.343933
v -6.570589 1.000000 -6.343933
v -6.570589 1.000000 6.343933
v -6.389058 3.000000 -10.707643
v -6.389058 3.000000 10.707643
v -6.389058 4.900000 -10.707643
v -6.389058 4.900000 10.707643
v -6.026736 1.000000 -8.503115
v -6.026736 1.000000 8.503115
v -6.026736 2.000000 -8.503115
v -6.026736 2.000000 8.503115
v -6.010408 0.000000 -7.071068
v -6.010408 0.000000 7.071068
v -6.010408 1.000000 -7.071068
v -6.010408 1.000000 7.071068
v -5.833488 2.000000 -9.977635
v -5.833488 2.000000 9.977635
v -5.833488 3.000000 -9.977635
v -5.833488 3.000000 9.977635
v -5.677856 -0.100000 -11.786378
v -5.677855 -0.100000 11.786378
v -5.677856 4.900000 -11.786378
v -5.677855 4.900000 11.786378
v -5.421063 3.000000 -11.357358
v -5.421063 3.000000 11.357358
v -5.421063 4.900000 -11.357358
v -5.421063 4.900000 11.357358
v -5.392343 0.000000 -7.730105
v -5.392343 0.000000 7.730105
v -5.392343 1.000000 -7.730105
v -5.392343 1.000000 7.730105
v -5.277917 1.000000 -9.146165
v -5.277917 1.000000 9.146165
v -5.277917 2.000000 -9.146165
v -5.277917 2.000000 9.146165
v -4.949666 2.000000 -10.583055
v -4.949666 2.000000 10.583055
v -4.949666 3.000000 -10.583055
v -4.949666 3.000000 10.583055
v -4.722347 0.000000 -8.314696
v -4.722347 0.000000 8.314696
v -4.722347 1.000000 -8.314696
v -4.722347 1.000000 8.314696
v -4.611251 -0.100000 -12.351277
v -4.611251 -0.100000 12.351277
v -4.611251 4.900000 -12.351277
v -4.611251 4.900000 12.351277
v -4.478269 1.000000 -9.701134
v -4.478269 1.000000 9.701134
v -4.478269 2.000000 -9.701134
v -4.478269 2.000000 9.701134
v -4.400859 3.000000 -11.897696
v -4.400859 3.000000 11.897696
v -4.400859 4.900000 -11.897696
v -4.400859 4.900000 11.897696
v -4.018176 2.000000 -11.086554
v -4.018176 2.000000 11.086554
v -4.018176 3.000000 -11.086554
v -4.018176 3.000000 11.086554
v -4.006872 0.000000 -8.819213
v -4.006872 0.000000 8.819213
v -4.006872 1.000000 -8.819213
v -4.006872 1.000000 8.819213
v -3.635492 1.000000 -10.162675
v -3.635492 1.000000 10.162675
v -3.635492 2.000000 -10.162675
v -3.635492 2.000000 10.162675
v -3.499096 -0.100000 -12.796883
v -3.499096 -0.100000 12.796883
v -3.499096 4.900000 -12.796883
v -3.499096 4.900000 12.796883
v -3.338274 3.000000 -12.323452
v -3.338274 3.000000 12.323452
v -3.338274 4.900000 -12.323452
v -3.338274 4.900000 12.323452
v -3.252809 0.000000 -9.238795
v -3.252809 0.000000 9.238795
v -3.252809 1.000000 -9.238795
v -3.252809 1.000000 9.238795
v -3.047989 2.000000 -11.483284
v -3.047989 2.000000 11.483284
v -3.047989 3.000000 -11.483284
v -3.047989 3.000000 11.483284
v -2.757704 1.000000 -10.526344
v -2.757704 1.000000 10.526344
v -2.757704 2.000000 -10.526344
v -2.757704 2.000000 10.526344
v -2.467420 0.000000 -9.569403
v -2.467420 0.000000 9.569403
v -2.467420 1.000000 -9.569403
v -2.467420 1.000000 9.569403
v -2.352248 -0.100000 -13.118567
v -2.352248 -0.100000 13.118567
v -2.352248 4.900000 -13.118567
v -2.352248 4.900000 13.118567
v -2.243539 3.000000 -12.630527
v -2.243539 3.000000 12.630527
v -2.243539 4.900000 -12.630527
v -2.243539 4.900000 12.630527
v -2.048448 2.000000 -11.769423
v -2.048448 2.000000 11.769423
v -2.048448 3.000000 -11.769423
v -2.048448 3.000000 11.769423
v -1.853358 1.000000 -10.788638
v -1.853358 1.000000 10.788638
v -1.853358 2.000000 -10.788638
v -1.853358 2.000000 10.788638
v -1.658268 0.000000 -9.807852
v -1.658268 0.000000 9.807852
v -1.658268 1.000000 -9.807852
v -1.658268 1.000000 9.807852
v -1.182011 -0.100000 -13.312950
v -1.182011 -0.100000 13.312950
v -1.182011 4.900000 -13.312950
v -1.182011 4.900000 13.312950
v -1.127197 3.000000 -12.815962
v -1.127197 3.000000 12.815962
v -1.127197 4.900000 -12.815962
v -1.127197 4.900000 12.815962
v -1.029180 2.000000 -11.942217
v -1.029180 2.000000 11.942217
v -1.029180 3.000000 -11.942217
v -1.029180 3.000000 11.942217
v -0.931163 1.000000 -10.947032
v -0.931163 1.000000 10.947032
v -0.931163 2.000000 -10.947032
v -0.931163 2.000000 10.947032
v -0.833146 0.000000 -9.951848
v -0.833146 0.000000 9.951848
v -0.833146 1.000000 -9.951848
v -0.833146 1.000000 9.951848
v 0.000000 -0.100000 -13.377974
v 0.000000 -0.100000 13.377974
v 0.000000 0.000000 -10.000000
v 0.000000 0.000000 10.000000
v 0.000000 1.000000 -11.000000
v 0.000000 1.000000 -10.000000
v 0.000000 1.000000 10.000000
v 0.000000 1.000000 11.000000
v 0.000000 2.000000 -12.000000
v 0.000000 2.000000 -11.000000
v 0.000000 2.000000 11.000000
v 0.000000 2.000000 12.000000
v 0.000000 3.000000 -12.877973
v 0.000000 3.000000 -12.000000
v 0.000000 3.000000 12.000000
v 0.000000 3.000000 12.877973
v 0.000000 4.900000 -13.377974
v 0.000000 4.900000 -12.877973
v 0.000000 4.900000 12.877973
v 0.000000 4.900000 13.377974
v 0.833146 0.000000 -9.951848
v 0.833146 0.000000 9.951848
v 0.833146 1.000000 -9.951848
v 0.833146 1.000000 9.951848
v 0.931163 1.000000 -10.947032
v 0.931163 1.000000 10.947032
v 0.931163 2.000000 -10.947032
v 0.931163 2.000000 10.947032
v 1.029180 2.000000 -11.942217
v 1.029180 2.000000 11.942217
v 1.029180 3.000000 -11.942217
v 1.029180 3.000000 11.942217
v 1.127197 3.000000 -12.815962
v 1.127197 3.000000 12.815962
v 1.127197 4.900000 -12.815962
v 1.127197 4.900000 12.815962
v 1.182011 -0.100000 -13.312950
v 1.182011 -0.100000 13.312948
v 1.182011 4.900000 -13.312950
v 1.182011 4.900000 13.312948
v 1.658268 0.000000 -9.807852
v 1.658268 0.000000 9.807852
v 1.658268 1.000000 -9.807852
v 1.658268 1.000000 9.807852
v 1.853358 1.000000 -10.788638
v 1.853358 1.000000 10.788638
v 1.853358 2.000000 -10.788638
v 1.853358 2.000000 10.788638
v 2.048448 2.000000 -11.769423
v 2.048448 2.000000 11.769423
v 2.048448 3.000000 -11.769423
v 2.048448 3.000000 11.769423
v 2.243539 3.000000 -12.630527
v 2.243539 3.000000 12.630527
v 2.243539 4.900000 -12.630527
v 2.243539 4.900000 12.630527
v 2.352248 -0.100000 -13.118567
v 2.352248 -0.100000 13.118567
v 2.352248 4.900000 -13.118567
v 2.352248 4.900000 13.118567
v 2.467420 0.000000 -9.569403
v 2.467420 0.000000 9.569403
v 2.467420 1.000000 -9.569403
v 2.467420 1.000000 9.569403
v 2.757704 1.000000 -10.526344
v 2.757704 1.000000 10.526344
v 2.757704 2.000000 -10.526344
v 2.757704 2.000000 10.526344
v 3.047989 2.000000 -11.483284
v 3.047989 2.000000 11.483284
v 3.047989 3.000000 -11.483284
v 3.047989 3.000000 11.483284
v 3.252809 0.000000 -9.238795
v 3.252809 0.000000 9.238795
v 3.252809 1.000000 -9.238795
v 3.252809 1.000000 9.238795
v 3.338274 3.000000 -12.323452
v 3.338274 3.000000 12.323452
v 3.338274 4.900000 -12.323452
v 3.338274 4.900000 12.323452
v 3.499096 -0.100000 -12.796883
v 3.499096 -0.100000 12.796883
v 3.499096 4.900000 -12.796883
v 3.499096 4.900000 12.796883
v 3.635492 1.000000 -10.162675
v 3.635492 1.000000 10.162675
v 3.635492 2.000000 -10.162675
v 3.635492 2.000000 10.162675
v 4.006872 0.000000 -8.819213
v 4.006872 0.000000 8.819213
v 4.006872 1.000000 -8.819213
v 4.006872 1.000000 8.819213
v 4.018176 2.000000 -11.086554
v 4.018176 2.000000 11.086554
v 4.018176 3.000000 -11.086554
v 4.018176 3.000000 11.086554
v 4.400859 3.000000 -11.897696
v 4.400859 3.000000 11.897696
v 4.400859 4.900000 -11.897696
v 4.400859 4.900000 11.897696
v 4.478269 1.000000 -9.701134
v 4.478269 1.000000 9.701134
v 4.478269 2.000000 -9.701134
v 4.478269 2.000000 9.701134
v 4.611251 -0.100000 -12.351277
v 4.611251 -0.100000 12.351277
v 4.611251 4.900000 -12.351277
v 4.611251 4.900000 12.351277
v 4.722347 0.000000 -8.314696
v 4.722347 0.000000 8.314696
v 4.722347 1.000000 -8.314696
v 4.722347 1.000000 8.314696
v 4.949666 2.000000 -10.583055
v 4.949666 2.000000 10.583055
v 4.949666 3.000000 -10.583055
v 4.949666 3.000000 10.583055
v 5.277917 1.000000 -9.146165
v 5.277917 1.000000 9.146165
v 5.277917 2.000000 -9.146165
v 5.277917 2.000000 9.146165
v 5.392343 0.000000 -7.730105
v 5.392343 0.000000 7.730105
v 5.392343 1.000000 -7.730105
v 5.392343 1.000000 7.730105
v 5.421063 3.000000 -11.357358
v 5.421063 3.000000 11.357358
v 5.421063 4.900000 -11.357358
v 5.421063 4.900000 11.357358
v 5.677856 -0.100000 -11.786378
v 5.677855 -0.100000 11.786378
v 5.677856 4.900000 -11.786378
v 5.677855 4.900000 11.786378
v 5.833488 2.000000 -9.977635
v 5.833488 2.000000 9.977635
v 5.833488 3.000000 -9.977635
v 5.833488 3.000000 9.977635
v 6.010408 0.000000 -7.071068
v 6.010408 0.000000 7.071068
v 6.010408 1.000000 -7.071068
v 6.010408 1.000000 7.071068
v 6.026736 1.000000 -8.503115
v 6.026736 1.000000 8.503115
v 6.026736 2.000000 -8.503115
v 6.026736 2.000000 8.503115
v 6.389058 3.000000 -10.707643
v 6.389058 3.000000 10.707643
v 6.389058 4.900000 -10.707643
v 6.389058 4.900000 10.707643
v 6.570589 0.000000 -6.343933
v 6.570589 0.000000 6.343933
v 6.570589 1.000000 -6.343933
v 6.570589 1.000000 6.343933
v 6.661130 2.000000 -9.276126
v 6.661130 2.000000 9.276126
v 6.661130 3.000000 -9.276126
v 6.661130 3.000000 9.276126
v 6.688608 -0.100000 -11.107981
v 6.688608 -0.100000 11.107982
v 6.688608 4.900000 -11.107981
v 6.688608 4.900000 11.107982
v 6.717514 1.000000 -7.778174
v 6.717514 1.000000 7.778174
v 6.717514 2.000000 -7.778174
v 6.717514 2.000000 7.778174
v 7.067492 0.000000 -5.555702
v 7.067492 0.000000 5.555702
v 7.067492 1.000000 -5.555702
v 7.067492 1.000000 5.555702
v 7.295523 3.000000 -9.954808
v 7.295523 3.000000 9.954808
v 7.295523 4.900000 -9.954808
v 7.295523 4.900000 9.954808
v 7.343599 1.000000 -6.978326
v 7.343599 1.000000 6.978326
v 7.343599 2.000000 -6.978326
v 7.343599 2.000000 6.978326
v 7.424621 2.000000 -8.485281
v 7.424621 2.000000 8.485281
v 7.424621 3.000000 -8.485281
v 7.424621 3.000000 8.485281
v 7.496331 0.000000 -4.713967
v 7.496331 0.000000 4.713967
v 7.496331 1.000000 -4.713967
v 7.496331 1.000000 4.713967
v 7.633855 -0.100000 -10.322954
v 7.633855 -0.100000 10.322955
v 7.633855 4.900000 -10.322954
v 7.633855 4.900000 10.322955
v 7.852976 0.000000 -3.826834
v 7.852976 0.000000 3.826834
v 7.852976 1.000000 -3.826834
v 7.852976 1.000000 3.826834
v 7.898961 1.000000 -6.111273
v 7.898961 1.000000 6.111273
v 7.898961 2.000000 -6.111273
v 7.898961 2.000000 6.111273
v 8.116609 2.000000 -7.612719
v 8.116609 2.000000 7.612719
v 8.116609 3.000000 -7.612719
v 8.116609 3.000000 7.612719
v 8.131728 3.000000 -9.106102
v 8.131728 3.000000 9.106102
v 8.131728 4.900000 -9.106102
v 8.131728 4.900000 9.106102
v 8.133993 0.000000 -2.902847
v 8.133993 0.000000 2.902847
v 8.133993 1.000000 -2.902847
v 8.133993 1.000000 2.902847
v 8.336675 0.000000 -1.950903
v 8.336675 0.000000 1.950903
v 8.336675 1.000000 -1.950903
v 8.336675 1.000000 1.950903
v 8.378252 1.000000 -5.185364
v 8.378252 1.000000 5.185364
v 8.378252 2.000000 -5.185364
v 8.378252 2.000000 5.185364
v 8.459070 0.000000 -0.980171
v 8.459070 0.000000 0.980171
v 8.459070 1.000000 -0.980171
v 8.459070 1.000000 0.980171
v 8.500000 0.000000 0.000000
v 8.500000 1.000000 0.000000
v 8.504671 -0.100000 -9.439139
v 8.504671 -0.100000 9.439139
v 8.504671 4.900000 -9.439139
v 8.504671 4.900000 9.439139
v 8.730431 2.000000 -6.666843
v 8.730431 2.000000 6.666843
v 8.730431 3.000000 -6.666843
v 8.730431 3.000000 6.666843
v 8.776855 1.000000 -4.209518
v 8.776855 1.000000 4.209518
v 8.776855 2.000000 -4.209518
v 8.776855 2.000000 4.209518
v 8.889620 3.000000 -8.169700
v 8.889620 3.000000 8.169700
v 8.889620 4.900000 -8.169700
v 8.889620 4.900000 8.169700
v 9.090933 1.000000 -3.193131
v 9.090933 1.000000 3.193131
v 9.090933 2.000000 -3.193131
v 9.090933 2.000000 3.193131
v 9.260173 2.000000 -5.656761
v 9.260173 2.000000 5.656761
v 9.260173 3.000000 -5.656761
v 9.260173 3.000000 5.656761
v 9.292913 -0.100000 -8.465259
v 9.292913 -0.100000 8.465259
v 9.292913 4.900000 -8.465259
v 9.292913 4.900000 8.465259
v 9.317460 1.000000 -2.145994
v 9.317460 1.000000 2.145994
v 9.317460 2.000000 -2.145994
v 9.317460 2.000000 2.145994
v 9.454255 1.000000 -1.078189
v 9.454255 1.000000 1.078189
v 9.454255 2.000000 -1.078189
v 9.454255 2.000000 1.078189
v 9.500000 1.000000 0.000000
v 9.500000 2.000000 0.000000
v 9.561901 3.000000 -7.154619
v 9.561901 3.000000 7.154619
v 9.561901 4.900000 -7.154619
v 9.561901 4.900000 7.154619
v 9.700735 2.000000 -4.592201
v 9.700735 2.000000 4.592201
v 9.700735 3.000000 -4.592201
v 9.700735 3.000000 4.592201
v 9.991274 -0.100000 -7.410818
v 9.991275 -0.100000 7.410818
v 9.991274 4.900000 -7.410818
v 9.991275 4.900000 7.410818
v 10.047874 2.000000 -3.483416
v 10.047874 2.000000 3.483416
v 10.047874 3.000000 -3.483416
v 10.047874 3.000000 3.483416
v 10.142094 3.000000 -6.070635
v 10.142094 3.000000 6.070635
v 10.142094 4.900000 -6.070635
v 10.142094 4.900000 6.070635
v 10.298245 2.000000 -2.341084
v 10.298245 2.000000 2.341084
v 10.298245 3.000000 -2.341084
v 10.298245 3.000000 2.341084
v 10.449440 2.000000 -1.176206
v 10.449440 2.000000 1.176206
v 10.449440 3.000000 -1.176206
v 10.449440 3.000000 1.176206
v 10.500000 2.000000 0.000000
v 10.500000 3.000000 0.000000
v 10.593327 -0.100000 -6.286016
v 10.593327 -0.100000 6.286016
v 10.593327 4.900000 -6.286016
v 10.593327 4.900000 6.286016
v 10.624614 3.000000 -4.928187
v 10.624614 3.000000 4.928187
v 10.624614 4.900000 -4.928187
v 10.624614 4.900000 4.928187
v 11.004814 3.000000 -3.738278
v 11.004814 3.000000 3.738278
v 11.004814 4.900000 -3.738278
v 11.004814 4.900000 3.738278
v 11.093562 -0.100000 -5.101647
v 11.093562 -0.100000 5.101647
v 11.093562 4.900000 -5.101647
v 11.093562 4.900000 5.101647
v 11.279031 3.000000 -2.512368
v 11.279031 3.000000 2.512368
v 11.279031 4.900000 -2.512368
v 11.279031 4.900000 2.512368
v 11.444624 3.000000 -1.262262
v 11.444624 3.000000 1.262262
v 11.444624 4.900000 -1.262262
v 11.444624 4.900000 1.262262
v 11.487421 -0.100000 -3.869011
v 11.487421 -0.100000 3.869011
v 11.487421 4.900000 -3.869011
v 11.487421 4.900000 3.869011
v 11.500000 3.000000 0.000000
v 11.500000 4.900000 0.000000
v 11.771324 -0.100000 -2.599813
v 11.771325 -0.100000 2.599813
v 11.771324 4.900000 -2.599813
v 11.771325 4.900000 2.599813
v 11.942702 -0.100000 -1.306069
v 11.942701 -0.100000 1.306069
v 11.942702 4.900000 -1.306069
v 11.942701 4.900000 1.306069
v 12.000001 -0.100000 0.000000
v 12.000001 4.900000 0.000000
vt 12.700001 -91.765923 0.000000
vt 12.700001 -88.898232 0.000000
vt 12.700001 -86.030548 0.000000
vt 12.700001 -83.162865 0.000000
vt 12.700001 -80.295174 0.000000
vt 12.700001 -77.427490 0.000000
vt 12.700001 -74.559814 0.000000
vt 12.700001 -71.692123 0.000000
vt 12.700001 -68.824440 0.000000
vt 12.700001 -65.956757 0.000000
vt 12.700001 -63.089066 0.000000
vt 12.700001 -60.221382 0.000000
vt 12.700001 -57.353699 0.000000
vt 12.700001 -54.486015 0.000000
vt 12.700001 -51.618328 0.000000
vt 12.700001 -48.750645 0.000000
vt 12.700001 -45.882961 0.000000
vt 12.700001 -43.015274 0.000000
vt 12.700001 -40.147587 0.000000
vt 12.700001 -37.279907 0.000000
vt 12.700001 -34.412220 0.000000
vt 12.700001 -31.544533 0.000000
vt 12.700001 -28.676849 0.000000
vt 12.700001 -25.809164 0.000000
vt 12.700001 -22.941481 0.000000
vt 12.700001 -20.073793 0.000000
vt 12.700001 -17.206110 0.000000
vt 12.700001 -14.338425 0.000000
vt 12.700001 -11.470740 0.000000
vt 12.700001 -8.603055 0.000000
vt 12.700001 -5.735370 0.000000
vt 12.700001 -2.867685 0.000000
vt 12.700001 0.000000 0.000000
vt 12.700001 2.867685 0.000000
vt 12.700001 5.735370 0.000000
vt 12.700001 8.603055 0.000000
vt 12.700001 11.470740 0.000000
vt 12.700001 14.338425 0.000000
vt 12.700001 17.206110 0.000000
vt 12.700001 20.073793 0.000000
vt 12.700001 22.941481 0.000000
vt 12.700001 25.809164 0.000000
vt 12.700001 28.676849 0.000000
vt 12.700001 31.544533 0.000000
vt 12.700001 34.412220 0.000000
vt 12.700001 37.279907 0.000000
vt 12.700001 40.147587 0.000000
vt 12.700001 43.015274 0.000000
vt 12.700001 45.882961 0.000000
vt 12.700001 48.750645 0.000000
vt 12.700001 51.618328 0.000000
vt 12.700001 54.486015 0.000000
vt 12.700001 57.353699 0.000000
vt 12.700001 60.221382 0.000000
vt 12.700001 63.089066 0.000000
vt 12.700001 65.956757 0.000000
vt 12.700001 68.824440 0.000000
vt 12.700001 71.692123 0.000000
vt 12.700001 74.559814 0.000000
vt 12.700001 77.427490 0.000000
vt 12.700001 80.295174 0.000000
vt 12.700001 83.162865 0.000000
vt 12.700001 86.030548 0.000000
vt 12.700001 88.898232 0.000000
vt 7.874000 -45.882961 0.000000
vt 7.874000 -48.750645 0.000000
vt 7.874000 -51.618328 0.000000
vt 7.874000 -54.486015 0.000000
vt 7.874000 -57.353699 0.000000
vt 7.874000 -60.221382 0.000000
vt 7.874000 -63.089066 0.000000
vt 7.874000 -65.956757 0.000000
vt 7.874000 -68.824440 0.000000
vt 7.874000 -71.692123 0.000000
vt 7.874000 -74.559814 0.000000
vt 7.874000 -77.427490 0.000000
vt 7.874000 -80.295174 0.000000
vt 7.874000 -83.162865 0.000000
vt 7.874000 -86.030548 0.000000
vt 7.874000 -88.898232 0.000000
vt 7.874000 91.765923 0.000000
vt 7.874000 88.898232 0.000000
vt 7.874000 86.030548 0.000000
vt 7.874000 83.162865 0.000000
vt 7.874000 80.295174 0.000000
vt 7.874000 77.427490 0.000000
vt 7.874000 74.559814 0.000000
vt 7.874000 71.692123 0.000000
vt 7.874000 68.824440 0.000000
vt 7.874000 65.956757 0.000000
vt 7.874000 63.089066 0.000000
vt 7.874000 60.221382 0.000000
vt 7.874000 57.353699 0.000000
vt 7.874000 54.486015 0.000000
vt 7.874000 51.618328 0.000000
vt 7.874000 48.750645 0.000000
vt 7.874000 45.882961 0.000000
vt 7.874000 43.015274 0.000000
vt 7.874000 40.147587 0.000000
vt 7.874000 37.279907 0.000000
vt 7.874000 34.412220 0.000000
vt 7.874000 31.544533 0.000000
vt 7.874000 28.676849 0.000000
vt 7.874000 25.809164 0.000000
vt 7.874000 22.941481 0.000000
vt 7.874000 20.073793 0.000000
vt 7.874000 17.206110 0.000000
vt 7.874000 14.338425 0.000000
vt 7.874000 11.470740 0.000000
vt 7.874000 8.603055 0.000000
vt 7.874000 5.735370 0.000000
vt 7.874000 2.867685 0.000000
vt 7.874000 0.000000 0.000000
vt 7.874000 -2.867685 0.000000
vt 7.874000 -5.735370 0.000000
vt 7.874000 -8.603055 0.000000
vt 7.874000 -11.470740 0.000000
vt 7.874000 -14.338425 0.000000
vt 7.874000 -17.206110 0.000000
vt 7.874000 -20.073793 0.000000
vt 7.874000 -22.941481 0.000000
vt 7.874000 -25.809164 0.000000
vt 7.874000 -28.676849 0.000000
vt 7.874000 -31.544533 0.000000
vt 7.874000 -34.412220 0.000000
vt 7.874000 -37.279907 0.000000
vt 7.874000 -40.147587 0.000000
vt 7.874000 -43.015274 0.000000
vt 7.874000 -91.765923 0.000000
vt 12.700001 91.765923 0.000000
vt -192.467682 0.000000 0.000000
vt -189.460358 0.000000 0.000000
vt -186.453064 0.000000 0.000000
vt -183.445740 0.000000 0.000000
vt -180.438446 0.000000 0.000000
vt -177.431137 0.000000 0.000000
vt -174.423828 0.000000 0.000000
vt -171.416519 0.000000 0.000000
vt -168.409210 0.000000 0.000000
vt -165.401901 0.000000 0.000000
vt -162.394592 0.000000 0.000000
vt -159.387283 0.000000 0.000000
vt -156.379990 0.000000 0.000000
vt -153.372665 0.000000 0.000000
vt -150.365372 0.000000 0.000000
vt -147.358047 0.000000 0.000000
vt -144.350754 0.000000 0.000000
vt -141.343445 0.000000 0.000000
vt -138.336136 0.000000 0.000000
vt -135.328842 0.000000 0.000000
vt -132.321518 0.000000 0.000000
vt -129.314224 0.000000 0.000000
vt -126.306900 0.000000 0.000000
vt -123.299599 0.000000 0.000000
vt -120.292290 0.000000 0.000000
vt -117.284981 0.000000 0.000000
vt -114.277679 0.000000 0.000000
vt -111.270370 0.000000 0.000000
vt -108.263062 0.000000 0.000000
vt -105.255760 0.000000 0.000000
vt -102.248451 0.000000 0.000000
vt -99.241142 0.000000 0.000000
vt -96.233841 0.000000 0.000000
vt -93.226532 0.000000 0.000000
vt -90.219223 0.000000 0.000000
vt -87.211914 0.000000 0.000000
vt -84.204605 0.000000 0.000000
vt -81.197296 0.000000 0.000000
vt -78.189995 0.000000 0.000000
vt -75.182686 0.000000 0.000000
vt -72.175377 0.000000 0.000000
vt -69.168068 0.000000 0.000000
vt -66.160759 0.000000 0.000000
vt -63.153450 0.000000 0.000000
vt -60.146145 0.000000 0.000000
vt -57.138840 0.000000 0.000000
vt -54.131531 0.000000 0.000000
vt -51.124226 0.000000 0.000000
vt -48.116920 0.000000 0.000000
vt -45.109612 0.000000 0.000000
vt -42.102303 0.000000 0.000000
vt -39.094997 0.000000 0.000000
vt -36.087688 0.000000 0.000000
vt -33.080379 0.000000 0.000000
vt -30.073072 0.000000 0.000000
vt -27.065765 0.000000 0.000000
vt -24.058460 0.000000 0.000000
vt -21.051151 0.000000 0.000000
vt -18.043844 0.000000 0.000000
vt -15.036536 0.000000 0.000000
vt -12.029230 0.000000 0.000000
vt -9.021922 0.000000 0.000000
vt -6.014615 0.000000 0.000000
vt -3.007308 0.000000 0.000000
vt 0.000000 0.000000 0.000000
vt 0.000000 12.700000 0.000000
vt -3.007308 12.700000 0.000000
vt -6.014615 12.700000 0.000000
vt -9.021922 12.700000 0.000000
vt -12.029230 12.700000 0.000000
vt -15.036536 12.700000 0.000000
vt -18.043844 12.700000 0.000000
vt -21.051151 12.700000 0.000000
vt -24.058460 12.700000 0.000000
vt -27.065765 12.700000 0.000000
vt -30.073072 12.700000 0.000000
vt -33.080379 12.700000 0.000000
vt -36.087688 12.700000 0.000000
vt -39.094997 12.700000 0.000000
vt -42.102303 12.700000 0.000000
vt -45.109612 12.700000 0.000000
vt -48.116920 12.700000 0.000000
vt -51.124226 12.700000 0.000000
vt -54.131531 12.700000 0.000000
vt -57.138840 12.700000 0.000000
vt -60.146145 12.700000 0.000000
vt -63.153450 12.700000 0.000000
vt -66.160759 12.700000 0.000000
vt -69.168068 12.700000 0.000000
vt -72.175377 12.700000 0.000000
vt -75.182686 12.700000 0.000000
vt -78.189995 12.700000 0.000000
vt -81.197296 12.700000 0.000000
vt -84.204605 12.700000 0.000000
vt -87.211914 12.700000 0.000000
vt -90.219223 12.700000 0.000000
vt -93.226532 12.700000 0.000000
vt -96.233841 12.700000 0.000000
vt -99.241142 12.700000 0.000000
vt -102.248451 12.700000 0.000000
vt -105.255760 12.700000 0.000000
vt -108.263062 12.700000 0.000000
vt -111.270370 12.700000 0.000000
vt -114.277679 12.700000 0.000000
vt -117.284981 12.700000 0.000000
vt -120.292290 12.700000 0.000000
vt -123.299599 12.700000 0.000000
vt -126.306900 12.700000 0.000000
vt -129.314224 12.700000 0.000000
vt -132.321518 12.700000 0.000000
vt -135.328842 12.700000 0.000000
vt -138.336136 12.700000 0.000000
vt -141.343445 12.700000 0.000000
vt -144.350754 12.700000 0.000000
vt -147.358047 12.700000 0.000000
vt -150.365372 12.700000 0.000000
vt -153.372665 12.700000 0.000000
vt -156.379990 12.700000 0.000000
vt -159.387283 12.700000 0.000000
vt -162.394592 12.700000 0.000000
vt -165.401901 12.700000 0.000000
vt -168.409210 12.700000 0.000000
vt -171.416519 12.700000 0.000000
vt -174.423828 12.700000 0.000000
vt -177.431137 12.700000 0.000000
vt -180.438446 12.700000 0.000000
vt -183.445740 12.700000 0.000000
vt -186.453064 12.700000 0.000000
vt -189.460358 12.700000 0.000000
vt -192.467682 12.700000 0.000000
vt 33.981468 0.000359 0.000000
vt 33.816307 3.002667 0.000000
vt 33.322575 5.975069 0.000000
vt 32.505497 8.888062 0.000000
vt 31.373659 11.712937 0.000000
vt 29.938816 14.422112 0.000000
vt 28.215689 16.989422 0.000000
vt 26.221722 19.390350 0.000000
vt 23.976831 21.602222 0.000000
vt 21.503174 23.604359 0.000000
vt 18.824896 25.378197 0.000000
vt 15.967896 26.907412 0.000000
vt 12.959599 28.178007 0.000000
vt 9.828704 29.178408 0.000000
vt 6.604943 29.899525 0.000000
vt 3.318833 30.334822 0.000000
vt 0.001417 30.480360 0.000000
vt -3.315999 30.334822 0.000000
vt -6.602109 29.899523 0.000000
vt -9.825871 29.178408 0.000000
vt -12.956766 28.178007 0.000000
vt -15.965063 26.907410 0.000000
vt -18.822062 25.378197 0.000000
vt -21.500341 23.604359 0.000000
vt -23.973997 21.602224 0.000000
vt -26.218887 19.390350 0.000000
vt -28.212856 16.989422 0.000000
vt -29.935984 14.422112 0.000000
vt -31.370827 11.712937 0.000000
vt -32.502666 8.888062 0.000000
vt -33.319740 5.975069 0.000000
vt -33.813473 3.002668 0.000000
vt -33.978638 0.000359 0.000000
vt -33.813473 -3.001950 0.000000
vt -33.319740 -5.974350 0.000000
vt -32.502666 -8.887344 0.000000
vt -31.370827 -11.712219 0.000000
vt -29.935984 -14.421394 0.000000
vt -28.212854 -16.988703 0.000000
vt -26.218887 -19.389631 0.000000
vt -23.973997 -21.601505 0.000000
vt -21.500341 -23.603640 0.000000
vt -18.822062 -25.377478 0.000000
vt -15.965064 -26.906693 0.000000
vt -12.956766 -28.177290 0.000000
vt -9.825871 -29.177689 0.000000
vt -6.602109 -29.898806 0.000000
vt -3.316000 -30.334105 0.000000
vt 0.001417 -30.479641 0.000000
vt 3.318833 -30.334105 0.000000
vt 6.604943 -29.898808 0.000000
vt 9.828704 -29.177689 0.000000
vt 12.959599 -28.177290 0.000000
vt 15.967897 -26.906693 0.000000
vt 18.824896 -25.377478 0.000000
vt 21.503174 -23.603640 0.000000
vt 23.976831 -21.601505 0.000000
vt 26.221722 -19.389633 0.000000
vt 28.215689 -16.988705 0.000000
vt 29.938816 -14.421393 0.000000
vt 31.373659 -11.712219 0.000000
vt 32.505501 -8.887344 0.000000
vt 33.322575 -5.974351 0.000000
vt 33.816307 -3.001950 0.000000
vt 32.711468 0.000359 0.000000
vt 32.553963 -2.862722 0.000000
vt 32.082954 -5.698229 0.000000
vt 31.302984 -8.478856 0.000000
vt 30.221565 -11.177824 0.000000
vt 28.849108 -13.769139 0.000000
vt 27.198832 -16.227848 0.000000
vt 25.286629 -18.530270 0.000000
vt 23.130917 -20.654230 0.000000
vt 20.752455 -22.579277 0.000000
vt 18.174149 -24.286869 0.000000
vt 15.420829 -25.760561 0.000000
vt 12.519011 -26.986162 0.000000
vt 9.496644 -27.951868 0.000000
vt 6.382831 -28.648378 0.000000
vt 3.207562 -29.068987 0.000000
vt 0.001417 -29.209641 0.000000
vt -3.204729 -29.068987 0.000000
vt -6.379998 -28.648378 0.000000
vt -9.493811 -27.951868 0.000000
vt -12.516178 -26.986162 0.000000
vt -15.417995 -25.760561 0.000000
vt -18.171314 -24.286869 0.000000
vt -20.749620 -22.579277 0.000000
vt -23.128082 -20.654230 0.000000
vt -25.283796 -18.530270 0.000000
vt -27.195997 -16.227848 0.000000
vt -28.846273 -13.769139 0.000000
vt -30.218731 -11.177824 0.000000
vt -31.300152 -8.478856 0.000000
vt -32.080120 -5.698229 0.000000
vt -32.551128 -2.862722 0.000000
vt -32.708637 0.000359 0.000000
vt -32.551128 2.863440 0.000000
vt -32.080120 5.698947 0.000000
vt -31.300152 8.479574 0.000000
vt -30.218731 11.178542 0.000000
vt -28.846273 13.769857 0.000000
vt -27.195997 16.228565 0.000000
vt -25.283796 18.530987 0.000000
vt -23.128082 20.654947 0.000000
vt -20.749620 22.579994 0.000000
vt -18.171314 24.287586 0.000000
vt -15.417995 25.761280 0.000000
vt -12.516178 26.986879 0.000000
vt -9.493811 27.952587 0.000000
vt -6.379998 28.649097 0.000000
vt -3.204729 29.069704 0.000000
vt 0.001417 29.210360 0.000000
vt 3.207562 29.069704 0.000000
vt 6.382831 28.649097 0.000000
vt 9.496644 27.952587 0.000000
vt 12.519011 26.986879 0.000000
vt 15.420829 25.761280 0.000000
vt 18.174149 24.287586 0.000000
vt 20.752455 22.579994 0.000000
vt 23.130917 20.654947 0.000000
vt 25.286629 18.530987 0.000000
vt 27.198832 16.228565 0.000000
vt 28.849108 13.769857 0.000000
vt 30.221565 11.178542 0.000000
vt 31.302984 8.479574 0.000000
vt 32.082954 5.698947 0.000000
vt 32.553963 2.863440 0.000000
vt -25.400000 0.000000 0.000000
vt -25.277693 -2.116190 0.000000
vt -24.911945 -4.212000 0.000000
vt -24.306284 -6.267246 0.000000
vt -23.466539 -8.262136 0.000000
vt -22.400801 -10.177456 0.000000
vt -21.119328 -11.994761 0.000000
vt -19.634466 -13.696551 0.000000
vt -17.960512 -15.266436 0.000000
vt -16.113590 -16.689295 0.000000
vt -14.111484 -17.951429 0.000000
vt -11.973477 -19.040680 0.000000
vt -9.720160 -19.946560 0.000000
vt -7.373231 -20.660341 0.000000
vt -4.955294 -21.175154 0.000000
vt -2.489635 -21.486038 0.000000
vt -0.000000 -21.590000 0.000000
vt 2.489635 -21.486038 0.000000
vt 4.955294 -21.175154 0.000000
vt 7.373231 -20.660341 0.000000
vt 9.720160 -19.946560 0.000000
vt 11.973477 -19.040680 0.000000
vt 14.111484 -17.951429 0.000000
vt 16.113590 -16.689295 0.000000
vt 17.960512 -15.266436 0.000000
vt 19.634466 -13.696551 0.000000
vt 21.119328 -11.994761 0.000000
vt 22.400801 -10.177456 0.000000
vt 23.466539 -8.262136 0.000000
vt 24.306284 -6.267246 0.000000
vt 24.911945 -4.212000 0.000000
vt 25.277693 -2.116190 0.000000
vt 25.400000 0.000000 0.000000
vt 25.277693 2.116190 0.000000
vt 24.911945 4.212000 0.000000
vt 24.306284 6.267246 0.000000
vt 23.466539 8.262136 0.000000
vt 22.400801 10.177456 0.000000
vt 21.119328 11.994761 0.000000
vt 19.634466 13.696551 0.000000
vt 17.960512 15.266436 0.000000
vt 16.113590 16.689295 0.000000
vt 14.111484 17.951429 0.000000
vt 11.973477 19.040680 0.000000
vt 9.720160 19.946560 0.000000
vt 7.373231 20.660341 0.000000
vt 4.955294 21.175154 0.000000
vt 2.489635 21.486038 0.000000
vt -0.000000 21.590000 0.000000
vt -2.489635 21.486038 0.000000
vt -4.955294 21.175154 0.000000
vt -7.373231 20.660341 0.000000
vt -9.720160 19.946560 0.000000
vt -11.973477 19.040680 0.000000
vt -14.111484 17.951429 0.000000
vt -16.113590 16.689295 0.000000
vt -17.960512 15.266436 0.000000
vt -19.634466 13.696551 0.000000
vt -21.119328 11.994761 0.000000
vt -22.400801 10.177456 0.000000
vt -23.466539 8.262136 0.000000
vt -24.306284 6.267246 0.000000
vt -24.911945 4.212000 0.000000
vt -25.277693 2.116190 0.000000
vt -33.980053 0.000000 0.000000
vt -33.814892 -3.002309 0.000000
vt -33.321159 -5.974710 0.000000
vt -32.504082 -8.887704 0.000000
vt -31.372244 -11.712578 0.000000
vt -29.937399 -14.421753 0.000000
vt -28.214272 -16.989063 0.000000
vt -26.220304 -19.389992 0.000000
vt -23.975414 -21.601864 0.000000
vt -21.501757 -23.603998 0.000000
vt -18.823479 -25.377838 0.000000
vt -15.966480 -26.907053 0.000000
vt -12.958183 -28.177649 0.000000
vt -9.827287 -29.178047 0.000000
vt -6.603526 -29.899166 0.000000
vt -3.317416 -30.334463 0.000000
vt 0.000000 -30.480000 0.000000
vt 3.317416 -30.334463 0.000000
vt 6.603526 -29.899166 0.000000
vt 9.827287 -29.178047 0.000000
vt 12.958183 -28.177649 0.000000
vt 15.966480 -26.907051 0.000000
vt 18.823479 -25.377836 0.000000
vt 21.501757 -23.604000 0.000000
vt 23.975414 -21.601864 0.000000
vt 26.220303 -19.389992 0.000000
vt 28.214272 -16.989063 0.000000
vt 29.937401 -14.421754 0.000000
vt 31.372244 -11.712579 0.000000
vt 32.504082 -8.887703 0.000000
vt 33.321159 -5.974710 0.000000
vt 33.814892 -3.002309 0.000000
vt 33.980053 0.000000 0.000000
vt 33.814892 3.002309 0.000000
vt 33.321159 5.974710 0.000000
vt 32.504082 8.887703 0.000000
vt 31.372244 11.712579 0.000000
vt 29.937401 14.421754 0.000000
vt 28.214272 16.989063 0.000000
vt 26.220303 19.389992 0.000000
vt 23.975414 21.601864 0.000000
vt 21.501759 23.604000 0.000000
vt 18.823479 25.377836 0.000000
vt 15.966480 26.907051 0.000000
vt 12.958183 28.177649 0.000000
vt 9.827287 29.178049 0.000000
vt 6.603526 29.899164 0.000000
vt 3.317416 30.334463 0.000000
vt 0.000000 30.480001 0.000000
vt -3.317416 30.334461 0.000000
vt -6.603526 29.899166 0.000000
vt -9.827288 29.178049 0.000000
vt -12.958183 28.177649 0.000000
vt -15.966480 26.907051 0.000000
vt -18.823479 25.377838 0.000000
vt -21.501757 23.603998 0.000000
vt -23.975414 21.601864 0.000000
vt -26.220304 19.389992 0.000000
vt -28.214273 16.989063 0.000000
vt -29.937399 14.421753 0.000000
vt -31.372244 11.712578 0.000000
vt -32.504082 8.887703 0.000000
vt -33.321159 5.974710 0.000000
vt -33.814888 3.002309 0.000000
vt 7.620000 -83.786278 0.000000
vt 7.620000 -81.167953 0.000000
vt 7.620000 -78.549637 0.000000
vt 7.620000 -75.931313 0.000000
vt 7.620000 -73.312988 0.000000
vt 7.620000 -70.694664 0.000000
vt 7.620000 -68.076355 0.000000
vt 7.620000 -65.458031 0.000000
vt 7.620000 -62.839706 0.000000
vt 7.620000 -60.221386 0.000000
vt 7.620000 -57.603062 0.000000
vt 7.620000 -54.984741 0.000000
vt 7.620000 -52.366421 0.000000
vt 7.620000 -49.748104 0.000000
vt 7.620000 -47.129780 0.000000
vt 7.620000 -44.511459 0.000000
vt 7.620000 -41.893139 0.000000
vt 7.620000 -39.274818 0.000000
vt 7.620000 -36.656494 0.000000
vt 7.620000 -34.038177 0.000000
vt 7.620000 -31.419853 0.000000
vt 7.620000 -28.801531 0.000000
vt 7.620000 -26.183210 0.000000
vt 7.620000 -23.564890 0.000000
vt 7.620000 -20.946569 0.000000
vt 7.620000 -18.328247 0.000000
vt 7.620000 -15.709927 0.000000
vt 7.620000 -13.091605 0.000000
vt 7.620000 -10.473285 0.000000
vt 7.620000 -7.854963 0.000000
vt 7.620000 -5.236642 0.000000
vt 7.620000 -2.618321 0.000000
vt 7.620000 0.000000 0.000000
vt 7.620000 2.618321 0.000000
vt 7.620000 5.236642 0.000000
vt 7.620000 7.854963 0.000000
vt 7.620000 10.473285 0.000000
vt 7.620000 13.091605 0.000000
vt 7.620000 15.709927 0.000000
vt 7.620000 18.328247 0.000000
vt 7.620000 20.946569 0.000000
vt 7.620000 23.564890 0.000000
vt 7.620000 26.183210 0.000000
vt 7.620000 28.801531 0.000000
vt 7.620000 31.419853 0.000000
vt 7.620000 34.038177 0.000000
vt 7.620000 36.656494 0.000000
vt 7.620000 39.274818 0.000000
vt 7.620000 41.893139 0.000000
vt 7.620000 44.511459 0.000000
vt 7.620000 47.129780 0.000000
vt 7.620000 49.748104 0.000000
vt 7.620000 52.366421 0.000000
vt 7.620000 54.984741 0.000000
vt 7.620000 57.603062 0.000000
vt 7.620000 60.221386 0.000000
vt 7.620000 62.839706 0.000000
vt 7.620000 65.458031 0.000000
vt 7.620000 68.076355 0.000000
vt 7.620000 70.694664 0.000000
vt 7.620000 73.312988 0.000000
vt 7.620000 75.931313 0.000000
vt 7.620000 78.549637 0.000000
vt 7.620000 81.167953 0.000000
vt 5.080000 83.786278 0.000000
vt 5.080000 81.167953 0.000000
vt 5.080000 78.549637 0.000000
vt 5.080000 75.931313 0.000000
vt 5.080000 73.312988 0.000000
vt 5.080000 70.694664 0.000000
vt 5.080000 68.076355 0.000000
vt 5.080000 65.458031 0.000000
vt 5.080000 62.839706 0.000000
vt 5.080000 60.221386 0.000000
vt 5.080000 57.603062 0.000000
vt 5.080000 54.984741 0.000000
vt 5.080000 52.366421 0.000000
vt 5.080000 49.748104 0.000000
vt 5.080000 47.129780 0.000000
vt 5.080000 44.511459 0.000000
vt 5.080000 41.893139 0.000000
vt 5.080000 39.274818 0.000000
vt 5.080000 36.656494 0.000000
vt 5.080000 34.038177 0.000000
vt 5.080000 31.419853 0.000000
vt 5.080000 28.801531 0.000000
vt 5.080000 26.183210 0.000000
vt 5.080000 23.564890 0.000000
vt 5.080000 20.946569 0.000000
vt 5.080000 18.328247 0.000000
vt 5.080000 15.709927 0.000000
vt 5.080000 13.091605 0.000000
vt 5.080000 10.473285 0.000000
vt 5.080000 7.854963 0.000000
vt 5.080000 5.236642 0.000000
vt 5.080000 2.618321 0.000000
vt 5.080000 0.000000 0.000000
vt 5.080000 -2.618321 0.000000
vt 5.080000 -5.236642 0.000000
vt 5.080000 -7.854963 0.000000
vt 5.080000 -10.473285 0.000000
vt 5.080000 -13.091605 0.000000
vt 5.080000 -15.709927 0.000000
vt 5.080000 -18.328247 0.000000
vt 5.080000 -20.946569 0.000000
vt 5.080000 -23.564890 0.000000
vt 5.080000 -26.183210 0.000000
vt 5.080000 -28.801531 0.000000
vt 5.080000 -31.419853 0.000000
vt 5.080000 -34.038177 0.000000
vt 5.080000 -36.656494 0.000000
vt 5.080000 -39.274818 0.000000
vt 5.080000 -41.893139 0.000000
vt 5.080000 -44.511459 0.000000
vt 5.080000 -47.129780 0.000000
vt 5.080000 -49.748104 0.000000
vt 5.080000 -52.366421 0.000000
vt 5.080000 -54.984741 0.000000
vt 5.080000 -57.603062 0.000000
vt 5.080000 -60.221386 0.000000
vt 5.080000 -62.839706 0.000000
vt 5.080000 -65.458031 0.000000
vt 5.080000 -68.076355 0.000000
vt 5.080000 -70.694664 0.000000
vt 5.080000 -73.312988 0.000000
vt 5.080000 -75.931313 0.000000
vt 5.080000 -78.549637 0.000000
vt 5.080000 -81.167953 0.000000
vt 5.080000 -83.786278 0.000000
vt 7.620000 83.786278 0.000000
vt 0.000000 29.209999 0.000000
vt -3.206146 29.069345 0.000000
vt -6.381414 28.648739 0.000000
vt -9.495227 27.952227 0.000000
vt -12.517595 26.986521 0.000000
vt -15.419412 25.760920 0.000000
vt -18.172731 24.287228 0.000000
vt -20.751038 22.579636 0.000000
vt -23.129499 20.654589 0.000000
vt -25.285212 18.530628 0.000000
vt -27.197414 16.228207 0.000000
vt -28.847691 13.769499 0.000000
vt -30.220148 11.178183 0.000000
vt -31.301569 8.479216 0.000000
vt -32.081539 5.698588 0.000000
vt -32.552544 2.863081 0.000000
vt -32.710052 0.000000 0.000000
vt -32.552544 -2.863081 0.000000
vt -32.081539 -5.698588 0.000000
vt -31.301569 -8.479216 0.000000
vt -30.220148 -11.178183 0.000000
vt -28.847691 -13.769499 0.000000
vt -27.197414 -16.228207 0.000000
vt -25.285212 -18.530628 0.000000
vt -23.129499 -20.654589 0.000000
vt -20.751038 -22.579636 0.000000
vt -18.172731 -24.287228 0.000000
vt -15.419412 -25.760920 0.000000
vt -12.517595 -26.986521 0.000000
vt -9.495227 -27.952227 0.000000
vt -6.381414 -28.648739 0.000000
vt -3.206146 -29.069345 0.000000
vt 0.000000 -29.209999 0.000000
vt 3.206146 -29.069345 0.000000
vt 6.381414 -28.648739 0.000000
vt 9.495227 -27.952227 0.000000
vt 12.517595 -26.986521 0.000000
vt 15.419412 -25.760920 0.000000
vt 18.172731 -24.287228 0.000000
vt 20.751038 -22.579636 0.000000
vt 23.129499 -20.654589 0.000000
vt 25.285212 -18.530628 0.000000
vt 27.197414 -16.228207 0.000000
vt 28.847691 -13.769499 0.000000
vt 30.220148 -11.178183 0.000000
vt 31.301569 -8.479216 0.000000
vt 32.081539 -5.698588 0.000000
vt 32.552544 -2.863081 0.000000
vt 32.710052 0.000000 0.000000
vt 32.552544 2.863081 0.000000
vt 32.081539 5.698588 0.000000
vt 31.301569 8.479216 0.000000
vt 30.220148 11.178183 0.000000
vt 28.847691 13.769499 0.000000
vt 27.197414 16.228207 0.000000
vt 25.285212 18.530628 0.000000
vt 23.129499 20.654589 0.000000
vt 20.751038 22.579636 0.000000
vt 18.172731 24.287228 0.000000
vt 15.419412 25.760920 0.000000
vt 12.517595 26.986521 0.000000
vt 9.495227 27.952227 0.000000
vt 6.381414 28.648739 0.000000
vt 3.206146 29.069345 0.000000
vt -30.480000 0.000000 0.000000
vt -30.333231 2.614117 0.000000
vt -29.894335 5.203059 0.000000
vt -29.167542 7.741892 0.000000
vt -28.159847 10.206167 0.000000
vt -26.880960 12.572151 0.000000
vt -25.343193 14.817059 0.000000
vt -23.561359 16.919270 0.000000
vt -21.552614 18.858538 0.000000
vt -19.336308 20.616188 0.000000
vt -16.933781 22.175295 0.000000
vt -14.368173 23.520840 0.000000
vt -11.664191 24.639868 0.000000
vt -8.847877 25.521599 0.000000
vt -5.946353 26.157543 0.000000
vt -2.987562 26.541576 0.000000
vt 0.000000 26.670000 0.000000
vt 2.987562 26.541576 0.000000
vt 5.946353 26.157543 0.000000
vt 8.847877 25.521599 0.000000
vt 11.664191 24.639868 0.000000
vt 14.368173 23.520840 0.000000
vt 16.933781 22.175295 0.000000
vt 19.336308 20.616188 0.000000
vt 21.552614 18.858538 0.000000
vt 23.561359 16.919270 0.000000
vt 25.343193 14.817059 0.000000
vt 26.880960 12.572151 0.000000
vt 28.159847 10.206167 0.000000
vt 29.167542 7.741892 0.000000
vt 29.894335 5.203059 0.000000
vt 30.333231 2.614117 0.000000
vt 30.480000 0.000000 0.000000
vt 30.333231 -2.614117 0.000000
vt 29.894335 -5.203059 0.000000
vt 29.167542 -7.741892 0.000000
vt 28.159847 -10.206167 0.000000
vt 26.880960 -12.572151 0.000000
vt 25.343193 -14.817059 0.000000
vt 23.561359 -16.919270 0.000000
vt 21.552614 -18.858538 0.000000
vt 19.336308 -20.616188 0.000000
vt 16.933781 -22.175295 0.000000
vt 14.368173 -23.520840 0.000000
vt 11.664191 -24.639868 0.000000
vt 8.847877 -25.521599 0.000000
vt 5.946353 -26.157543 0.000000
vt 2.987562 -26.541576 0.000000
vt 0.000000 -26.670000 0.000000
vt -2.987562 -26.541576 0.000000
vt -5.946353 -26.157543 0.000000
vt -8.847877 -25.521599 0.000000
vt -11.664191 -24.639868 0.000000
vt -14.368173 -23.520840 0.000000
vt -16.933781 -22.175295 0.000000
vt -19.336308 -20.616188 0.000000
vt -21.552614 -18.858538 0.000000
vt -23.561359 -16.919270 0.000000
vt -25.343193 -14.817059 0.000000
vt -26.880960 -12.572151 0.000000
vt -28.159847 -10.206167 0.000000
vt -29.167542 -7.741892 0.000000
vt -29.894335 -5.203059 0.000000
vt -30.333231 -2.614117 0.000000
vt 5.080000 -75.806633 0.000000
vt 5.080000 -73.437675 0.000000
vt 5.080000 -71.068710 0.000000
vt 5.080000 -68.699753 0.000000
vt 5.080000 -66.330795 0.000000
vt 5.080000 -63.961842 0.000000
vt 5.080000 -61.592888 0.000000
vt 5.080000 -59.223930 0.000000
vt 5.080000 -56.854973 0.000000
vt 5.080000 -54.486012 0.000000
vt 5.080000 -52.117054 0.000000
vt 5.080000 -49.748096 0.000000
vt 5.080000 -47.379143 0.000000
vt 5.080000 -45.010185 0.000000
vt 5.080000 -42.641228 0.000000
vt 5.080000 -40.272270 0.000000
vt 5.080000 -37.903316 0.000000
vt 5.080000 -35.534355 0.000000
vt 5.080000 -33.165398 0.000000
vt 5.080000 -30.796444 0.000000
vt 5.080000 -28.427486 0.000000
vt 5.080000 -26.058527 0.000000
vt 5.080000 -23.689571 0.000000
vt 5.080000 -21.320614 0.000000
vt 5.080000 -18.951658 0.000000
vt 5.080000 -16.582699 0.000000
vt 5.080000 -14.213743 0.000000
vt 5.080000 -11.844786 0.000000
vt 5.080000 -9.475829 0.000000
vt 5.080000 -7.106872 0.000000
vt 5.080000 -4.737915 0.000000
vt 5.080000 -2.368957 0.000000
vt 5.080000 0.000000 0.000000
vt 5.080000 2.368957 0.000000
vt 5.080000 4.737915 0.000000
vt 5.080000 7.106872 0.000000
vt 5.080000 9.475829 0.000000
vt 5.080000 11.844786 0.000000
vt 5.080000 14.213743 0.000000
vt 5.080000 16.582699 0.000000
vt 5.080000 18.951658 0.000000
vt 5.080000 21.320614 0.000000
vt 5.080000 23.689571 0.000000
vt 5.080000 26.058527 0.000000
vt 5.080000 28.427486 0.000000
vt 5.080000 30.796444 0.000000
vt 5.080000 33.165398 0.000000
vt 5.080000 35.534355 0.000000
vt 5.080000 37.903316 0.000000
vt 5.080000 40.272270 0.000000
vt 5.080000 42.641228 0.000000
vt 5.080000 45.010185 0.000000
vt 5.080000 47.379143 0.000000
vt 5.080000 49.748096 0.000000
vt 5.080000 52.117054 0.000000
vt 5.080000 54.486012 0.000000
vt 5.080000 56.854973 0.000000
vt 5.080000 59.223930 0.000000
vt 5.080000 61.592888 0.000000
vt 5.080000 63.961842 0.000000
vt 5.080000 66.330795 0.000000
vt 5.080000 68.699753 0.000000
vt 5.080000 71.068710 0.000000
vt 5.080000 73.437675 0.000000
vt 2.540000 75.806633 0.000000
vt 2.540000 73.437675 0.000000
vt 2.540000 71.068710 0.000000
vt 2.540000 68.699753 0.000000
vt 2.540000 66.330795 0.000000
vt 2.540000 63.961842 0.000000
vt 2.540000 61.592888 0.000000
vt 2.540000 59.223930 0.000000
vt 2.540000 56.854973 0.000000
vt 2.540000 54.486012 0.000000
vt 2.540000 52.117054 0.000000
vt 2.540000 49.748096 0.000000
vt 2.540000 47.379143 0.000000
vt 2.540000 45.010185 0.000000
vt 2.540000 42.641228 0.000000
vt 2.540000 40.272270 0.000000
vt 2.540000 37.903316 0.000000
vt 2.540000 35.534355 0.000000
vt 2.540000 33.165398 0.000000
vt 2.540000 30.796444 0.000000
vt 2.540000 28.427486 0.000000
vt 2.540000 26.058527 0.000000
vt 2.540000 23.689571 0.000000
vt 2.540000 21.320614 0.000000
vt 2.540000 18.951658 0.000000
vt 2.540000 16.582699 0.000000
vt 2.540000 14.213743 0.000000
vt 2.540000 11.844786 0.000000
vt 2.540000 9.475829 0.000000
vt 2.540000 7.106872 0.000000
vt 2.540000 4.737915 0.000000
vt 2.540000 2.368957 0.000000
vt 2.540000 0.000000 0.000000
vt 2.540000 -2.368957 0.000000
vt 2.540000 -4.737915 0.000000
vt 2.540000 -7.106872 0.000000
vt 2.540000 -9.475829 0.000000
vt 2.540000 -11.844786 0.000000
vt 2.540000 -14.213743 0.000000
vt 2.540000 -16.582699 0.000000
vt 2.540000 -18.951658 0.000000
vt 2.540000 -21.320614 0.000000
vt 2.540000 -23.689571 0.000000
vt 2.540000 -26.058527 0.000000
vt 2.540000 -28.427486 0.000000
vt 2.540000 -30.796444 0.000000
vt 2.540000 -33.165398 0.000000
vt 2.540000 -35.534355 0.000000
vt 2.540000 -37.903316 0.000000
vt 2.540000 -40.272270 0.000000
vt 2.540000 -42.641228 0.000000
vt 2.540000 -45.010185 0.000000
vt 2.540000 -47.379143 0.000000
vt 2.540000 -49.748096 0.000000
vt 2.540000 -52.117054 0.000000
vt 2.540000 -54.486012 0.000000
vt 2.540000 -56.854973 0.000000
vt 2.540000 -59.223930 0.000000
vt 2.540000 -61.592888 0.000000
vt 2.540000 -63.961842 0.000000
vt 2.540000 -66.330795 0.000000
vt 2.540000 -68.699753 0.000000
vt 2.540000 -71.068710 0.000000
vt 2.540000 -73.437675 0.000000
vt 2.540000 -75.806633 0.000000
vt 5.080000 75.806633 0.000000
vt -30.480000 0.000000 0.000000
vt -30.333231 -2.614117 0.000000
vt -29.894335 -5.203059 0.000000
vt -29.167542 -7.741892 0.000000
vt -28.159847 -10.206167 0.000000
vt -26.880960 -12.572151 0.000000
vt -25.343193 -14.817059 0.000000
vt -23.561359 -16.919270 0.000000
vt -21.552614 -18.858538 0.000000
vt -19.336308 -20.616188 0.000000
vt -16.933781 -22.175295 0.000000
vt -14.368173 -23.520840 0.000000
vt -11.664191 -24.639868 0.000000
vt -8.847877 -25.521599 0.000000
vt -5.946353 -26.157543 0.000000
vt -2.987562 -26.541576 0.000000
vt 0.000000 -26.670000 0.000000
vt 2.987562 -26.541576 0.000000
vt 5.946353 -26.157543 0.000000
vt 8.847877 -25.521599 0.000000
vt 11.664191 -24.639868 0.000000
vt 14.368173 -23.520840 0.000000
vt 16.933781 -22.175295 0.000000
vt 19.336308 -20.616188 0.000000
vt 21.552614 -18.858538 0.000000
vt 23.561359 -16.919270 0.000000
vt 25.343193 -14.817059 0.000000
vt 26.880960 -12.572151 0.000000
vt 28.159847 -10.206167 0.000000
vt 29.167542 -7.741892 0.000000
vt 29.894335 -5.203059 0.000000
vt 30.333231 -2.614117 0.000000
vt 30.480000 0.000000 0.000000
vt 30.333231 2.614117 0.000000
vt 29.894335 5.203059 0.000000
vt 29.167542 7.741892 0.000000
vt 28.159847 10.206167 0.000000
vt 26.880960 12.572151 0.000000
vt 25.343193 14.817059 0.000000
vt 23.561359 16.919270 0.000000
vt 21.552614 18.858538 0.000000
vt 19.336308 20.616188 0.000000
vt 16.933781 22.175295 0.000000
vt 14.368173 23.520840 0.000000
vt 11.664191 24.639868 0.000000
vt 8.847877 25.521599 0.000000
vt 5.946353 26.157543 0.000000
vt 2.987562 26.541576 0.000000
vt 0.000000 26.670000 0.000000
vt -2.987562 26.541576 0.000000
vt -5.946353 26.157543 0.000000
vt -8.847877 25.521599 0.000000
vt -11.664191 24.639868 0.000000
vt -14.368173 23.520840 0.000000
vt -16.933781 22.175295 0.000000
vt -19.336308 20.616188 0.000000
vt -21.552614 18.858538 0.000000
vt -23.561359 16.919270 0.000000
vt -25.343193 14.817059 0.000000
vt -26.880960 12.572151 0.000000
vt -28.159847 10.206167 0.000000
vt -29.167542 7.741892 0.000000
vt -29.894335 5.203059 0.000000
vt -30.333231 2.614117 0.000000
vt -27.940001 0.000000 0.000000
vt -27.805462 2.365154 0.000000
vt -27.403141 4.707530 0.000000
vt -26.736914 7.004569 0.000000
vt -25.813194 9.234151 0.000000
vt -24.640881 11.374804 0.000000
vt -23.231260 13.405910 0.000000
vt -21.597912 15.307910 0.000000
vt -19.756563 17.062487 0.000000
vt -17.724949 18.652742 0.000000
vt -15.522633 20.063362 0.000000
vt -13.170825 21.280760 0.000000
vt -10.692175 22.293213 0.000000
vt -8.110554 23.090971 0.000000
vt -5.450824 23.666349 0.000000
vt -2.738599 24.013807 0.000000
vt 0.000000 24.129999 0.000000
vt 2.738599 24.013807 0.000000
vt 5.450824 23.666349 0.000000
vt 8.110554 23.090971 0.000000
vt 10.692175 22.293213 0.000000
vt 13.170825 21.280760 0.000000
vt 15.522633 20.063362 0.000000
vt 17.724949 18.652742 0.000000
vt 19.756563 17.062487 0.000000
vt 21.597912 15.307910 0.000000
vt 23.231260 13.405910 0.000000
vt 24.640881 11.374804 0.000000
vt 25.813194 9.234151 0.000000
vt 26.736914 7.004569 0.000000
vt 27.403141 4.707530 0.000000
vt 27.805462 2.365154 0.000000
vt 27.940001 0.000000 0.000000
vt 27.805462 -2.365154 0.000000
vt 27.403141 -4.707530 0.000000
vt 26.736914 -7.004569 0.000000
vt 25.813194 -9.234151 0.000000
vt 24.640881 -11.374804 0.000000
vt 23.231260 -13.405910 0.000000
vt 21.597912 -15.307910 0.000000
vt 19.756563 -17.062487 0.000000
vt 17.724949 -18.652742 0.000000
vt 15.522633 -20.063362 0.000000
vt 13.170825 -21.280760 0.000000
vt 10.692175 -22.293213 0.000000
vt 8.110554 -23.090971 0.000000
vt 5.450824 -23.666349 0.000000
vt 2.738599 -24.013807 0.000000
vt 0.000000 -24.129999 0.000000
vt -2.738599 -24.013807 0.000000
vt -5.450824 -23.666349 0.000000
vt -8.110554 -23.090971 0.000000
vt -10.692175 -22.293213 0.000000
vt -13.170825 -21.280760 0.000000
vt -15.522633 -20.063362 0.000000
vt -17.724949 -18.652742 0.000000
vt -19.756563 -17.062487 0.000000
vt -21.597912 -15.307910 0.000000
vt -23.231260 -13.405910 0.000000
vt -24.640881 -11.374804 0.000000
vt -25.813194 -9.234151 0.000000
vt -26.736914 -7.004569 0.000000
vt -27.403141 -4.707530 0.000000
vt -27.805462 -2.365154 0.000000
vt 2.540000 -67.826988 0.000000
vt 2.540000 -65.707390 0.000000
vt 2.540000 -63.587799 0.000000
vt 2.540000 -61.468204 0.000000
vt 2.540000 -59.348610 0.000000
vt 2.540000 -57.229015 0.000000
vt 2.540000 -55.109428 0.000000
vt 2.540000 -52.989834 0.000000
vt 2.540000 -50.870239 0.000000
vt 2.540000 -48.750645 0.000000
vt 2.540000 -46.631050 0.000000
vt 2.540000 -44.511456 0.000000
vt 2.540000 -42.391865 0.000000
vt 2.540000 -40.272274 0.000000
vt 2.540000 -38.152679 0.000000
vt 2.540000 -36.033085 0.000000
vt 2.540000 -33.913494 0.000000
vt 2.540000 -31.793900 0.000000
vt 2.540000 -29.674305 0.000000
vt 2.540000 -27.554714 0.000000
vt 2.540000 -25.435120 0.000000
vt 2.540000 -23.315525 0.000000
vt 2.540000 -21.195932 0.000000
vt 2.540000 -19.076340 0.000000
vt 2.540000 -16.956747 0.000000
vt 2.540000 -14.837152 0.000000
vt 2.540000 -12.717560 0.000000
vt 2.540000 -10.597966 0.000000
vt 2.540000 -8.478374 0.000000
vt 2.540000 -6.358780 0.000000
vt 2.540000 -4.239187 0.000000
vt 2.540000 -2.119593 0.000000
vt 2.540000 0.000000 0.000000
vt 2.540000 2.119593 0.000000
vt 2.540000 4.239187 0.000000
vt 2.540000 6.358780 0.000000
vt 2.540000 8.478374 0.000000
vt 2.540000 10.597966 0.000000
vt 2.540000 12.717560 0.000000
vt 2.540000 14.837152 0.000000
vt 2.540000 16.956747 0.000000
vt 2.540000 19.076340 0.000000
vt 2.540000 21.195932 0.000000
vt 2.540000 23.315525 0.000000
vt 2.540000 25.435120 0.000000
vt 2.540000 27.554714 0.000000
vt 2.540000 29.674305 0.000000
vt 2.540000 31.793900 0.000000
vt 2.540000 33.913494 0.000000
vt 2.540000 36.033085 0.000000
vt 2.540000 38.152679 0.000000
vt 2.540000 40.272274 0.000000
vt 2.540000 42.391865 0.000000
vt 2.540000 44.511456 0.000000
vt 2.540000 46.631050 0.000000
vt 2.540000 48.750645 0.000000
vt 2.540000 50.870239 0.000000
vt 2.540000 52.989834 0.000000
vt 2.540000 55.109428 0.000000
vt 2.540000 57.229015 0.000000
vt 2.540000 59.348610 0.000000
vt 2.540000 61.468204 0.000000
vt 2.540000 63.587799 0.000000
vt 2.540000 65.707390 0.000000
vt 0.000000 67.826988 0.000000
vt 0.000000 65.707390 0.000000
vt 0.000000 63.587799 0.000000
vt 0.000000 61.468204 0.000000
vt 0.000000 59.348610 0.000000
vt 0.000000 57.229015 0.000000
vt 0.000000 55.109428 0.000000
vt 0.000000 52.989834 0.000000
vt 0.000000 50.870239 0.000000
vt 0.000000 48.750645 0.000000
vt 0.000000 46.631050 0.000000
vt 0.000000 44.511456 0.000000
vt 0.000000 42.391865 0.000000
vt 0.000000 40.272274 0.000000
vt 0.000000 38.152679 0.000000
vt 0.000000 36.033085 0.000000
vt 0.000000 33.913494 0.000000
vt 0.000000 31.793900 0.000000
vt 0.000000 29.674305 0.000000
vt 0.000000 27.554714 0.000000
vt 0.000000 25.435120 0.000000
vt 0.000000 23.315525 0.000000
vt 0.000000 21.195932 0.000000
vt 0.000000 19.076340 0.000000
vt 0.000000 16.956747 0.000000
vt 0.000000 14.837152 0.000000
vt 0.000000 12.717560 0.000000
vt 0.000000 10.597966 0.000000
vt 0.000000 8.478374 0.000000
vt 0.000000 6.358780 0.000000
vt 0.000000 4.239187 0.000000
vt 0.000000 2.119593 0.000000
vt 0.000000 0.000000 0.000000
vt 0.000000 -2.119593 0.000000
vt 0.000000 -4.239187 0.000000
vt 0.000000 -6.358780 0.000000
vt 0.000000 -8.478374 0.000000
vt 0.000000 -10.597966 0.000000
vt 0.000000 -12.717560 0.000000
vt 0.000000 -14.837152 0.000000
vt 0.000000 -16.956747 0.000000
vt 0.000000 -19.076340 0.000000
vt 0.000000 -21.195932 0.000000
vt 0.000000 -23.315525 0.000000
vt 0.000000 -25.435120 0.000000
vt 0.000000 -27.554714 0.000000
vt 0.000000 -29.674305 0.000000
vt 0.000000 -31.793900 0.000000
vt 0.000000 -33.913494 0.000000
vt 0.000000 -36.033085 0.000000
vt 0.000000 -38.152679 0.000000
vt 0.000000 -40.272274 0.000000
vt 0.000000 -42.391865 0.000000
vt 0.000000 -44.511456 0.000000
vt 0.000000 -46.631050 0.000000
vt 0.000000 -48.750645 0.000000
vt 0.000000 -50.870239 0.000000
vt 0.000000 -52.989834 0.000000
vt 0.000000 -55.109428 0.000000
vt 0.000000 -57.229015 0.000000
vt 0.000000 -59.348610 0.000000
vt 0.000000 -61.468204 0.000000
vt 0.000000 -63.587799 0.000000
vt 0.000000 -65.707390 0.000000
vt 0.000000 -67.826988 0.000000
vt 2.540000 67.826988 0.000000
vt -27.940001 0.000000 0.000000
vt -27.805462 -2.365154 0.000000
vt -27.403141 -4.707530 0.000000
vt -26.736914 -7.004569 0.000000
vt -25.813194 -9.234151 0.000000
vt -24.640881 -11.374804 0.000000
vt -23.231260 -13.405910 0.000000
vt -21.597912 -15.307910 0.000000
vt -19.756563 -17.062487 0.000000
vt -17.724949 -18.652742 0.000000
vt -15.522633 -20.063362 0.000000
vt -13.170825 -21.280760 0.000000
vt -10.692175 -22.293213 0.000000
vt -8.110554 -23.090971 0.000000
vt -5.450824 -23.666349 0.000000
vt -2.738599 -24.013807 0.000000
vt 0.000000 -24.129999 0.000000
vt 2.738599 -24.013807 0.000000
vt 5.450824 -23.666349 0.000000
vt 8.110554 -23.090971 0.000000
vt 10.692175 -22.293213 0.000000
vt 13.170825 -21.280760 0.000000
vt 15.522633 -20.063362 0.000000
vt 17.724949 -18.652742 0.000000
vt 19.756563 -17.062487 0.000000
vt 21.597912 -15.307910 0.000000
vt 23.231260 -13.405910 0.000000
vt 24.640881 -11.374804 0.000000
vt 25.813194 -9.234151 0.000000
vt 26.736914 -7.004569 0.000000
vt 27.403141 -4.707530 0.000000
vt 27.805462 -2.365154 0.000000
vt 27.940001 0.000000 0.000000
vt 27.805462 2.365154 0.000000
vt 27.403141 4.707530 0.000000
vt 26.736914 7.004569 0.000000
vt 25.813194 9.234151 0.000000
vt 24.640881 11.374804 0.000000
vt 23.231260 13.405910 0.000000
vt 21.597912 15.307910 0.000000
vt 19.756563 17.062487 0.000000
vt 17.724949 18.652742 0.000000
vt 15.522633 20.063362 0.000000
vt 13.170825 21.280760 0.000000
vt 10.692175 22.293213 0.000000
vt 8.110554 23.090971 0.000000
vt 5.450824 23.666349 0.000000
vt 2.738599 24.013807 0.000000
vt 0.000000 24.129999 0.000000
vt -2.738599 24.013807 0.000000
vt -5.450824 23.666349 0.000000
vt -8.110554 23.090971 0.000000
vt -10.692175 22.293213 0.000000
vt -13.170825 21.280760 0.000000
vt -15.522633 20.063362 0.000000
vt -17.724949 18.652742 0.000000
vt -19.756563 17.062487 0.000000
vt -21.597912 15.307910 0.000000
vt -23.231260 13.405910 0.000000
vt -24.640881 11.374804 0.000000
vt -25.813194 9.234151 0.000000
vt -26.736914 7.004569 0.000000
vt -27.403141 4.707530 0.000000
vt -27.805462 2.365154 0.000000
vt -25.400000 0.000000 0.000000
vt -25.277693 2.116190 0.000000
vt -24.911945 4.212000 0.000000
vt -24.306284 6.267246 0.000000
vt -23.466539 8.262136 0.000000
vt -22.400801 10.177456 0.000000
vt -21.119328 11.994761 0.000000
vt -19.634466 13.696551 0.000000
vt -17.960512 15.266436 0.000000
vt -16.113590 16.689295 0.000000
vt -14.111484 17.951429 0.000000
vt -11.973477 19.040680 0.000000
vt -9.720160 19.946560 0.000000
vt -7.373231 20.660341 0.000000
vt -4.955294 21.175154 0.000000
vt -2.489635 21.486038 0.000000
vt 0.000000 21.590000 0.000000
vt 2.489635 21.486038 0.000000
vt 4.955294 21.175154 0.000000
vt 7.373231 20.660341 0.000000
vt 9.720160 19.946560 0.000000
vt 11.973477 19.040680 0.000000
vt 14.111484 17.951429 0.000000
vt 16.113590 16.689295 0.000000
vt 17.960512 15.266436 0.000000
vt 19.634466 13.696551 0.000000
vt 21.119328 11.994761 0.000000
vt 22.400801 10.177456 0.000000
vt 23.466539 8.262136 0.000000
vt 24.306284 6.267246 0.000000
vt 24.911945 4.212000 0.000000
vt 25.277693 2.116190 0.000000
vt 25.400000 0.000000 0.000000
vt 25.277693 -2.116190 0.000000
vt 24.911945 -4.212000 0.000000
vt 24.306284 -6.267246 0.000000
vt 23.466539 -8.262136 0.000000
vt 22.400801 -10.177456 0.000000
vt 21.119328 -11.994761 0.000000
vt 19.634466 -13.696551 0.000000
vt 17.960512 -15.266436 0.000000
vt 16.113590 -16.689295 0.000000
vt 14.111484 -17.951429 0.000000
vt 11.973477 -19.040680 0.000000
vt 9.720160 -19.946560 0.000000
vt 7.373231 -20.660341 0.000000
vt 4.955294 -21.175154 0.000000
vt 2.489635 -21.486038 0.000000
vt 0.000000 -21.590000 0.000000
vt -2.489635 -21.486038 0.000000
vt -4.955294 -21.175154 0.000000
vt -7.373231 -20.660341 0.000000
vt -9.720160 -19.946560 0.000000
vt -11.973477 -19.040680 0.000000
vt -14.111484 -17.951429 0.000000
vt -16.113590 -16.689295 0.000000
vt -17.960512 -15.266436 0.000000
vt -19.634466 -13.696551 0.000000
vt -21.119328 -11.994761 0.000000
vt -22.400801 -10.177456 0.000000
vt -23.466539 -8.262136 0.000000
vt -24.306284 -6.267246 0.000000
vt -24.911945 -4.212000 0.000000
vt -25.277693 -2.116190 0.000000
vn 0.000000 0.000000 -2.540000
vn -0.278456 0.000000 -2.524691
vn -0.552243 0.000000 -2.479239
vn -0.816975 0.000000 -2.405026
vn -1.068790 0.000000 -2.304189
vn -1.304508 0.000000 -2.179417
vn -1.521711 0.000000 -2.033715
vn -1.718726 0.000000 -1.870182
vn -1.894549 0.000000 -1.691828
vn -2.048727 0.000000 -1.501439
vn -2.181218 0.000000 -1.301494
vn -2.292262 0.000000 -1.094136
vn -2.382253 0.000000 -0.881176
vn -2.451641 0.000000 -0.664120
vn -2.500853 0.000000 -0.444222
vn -2.530232 0.000000 -0.222540
vn -2.540000 0.000000 0.000000
vn -2.530232 0.000000 0.222540
vn -2.500853 0.000000 0.444222
vn -2.451641 0.000000 0.664120
vn -2.382253 0.000000 0.881176
vn -2.292262 0.000000 1.094136
vn -2.181218 0.000000 1.301494
vn -2.048727 0.000000 1.501439
vn -1.894549 0.000000 1.691828
vn -1.718726 0.000000 1.870182
vn -1.521711 0.000000 2.033715
vn -1.304508 0.000000 2.179417
vn -1.068790 0.000000 2.304189
vn -0.816975 0.000000 2.405026
vn -0.552243 0.000000 2.479239
vn -0.278456 0.000000 2.524691
vn 0.000000 0.000000 2.540000
vn 0.278456 0.000000 2.524691
vn 0.552243 0.000000 2.479239
vn 0.816975 0.000000 2.405026
vn 1.068790 0.000000 2.304189
vn 1.304508 0.000000 2.179417
vn 1.521711 0.000000 2.033715
vn 1.718726 0.000000 1.870182
vn 1.894549 0.000000 1.691828
vn 2.048727 0.000000 1.501439
vn 2.181218 0.000000 1.301494
vn 2.292262 0.000000 1.094136
vn 2.382253 0.000000 0.881176
vn 2.451641 0.000000 0.664120
vn 2.500853 0.000000 0.444222
vn 2.530232 0.000000 0.222540
vn 2.540000 0.000000 0.000000
vn 2.530232 0.000000 -0.222540
vn 2.500853 0.000000 -0.444222
vn 2.451641 0.000000 -0.664120
vn 2.382253 0.000000 -0.881176
vn 2.292262 0.000000 -1.094136
vn 2.181218 0.000000 -1.301494
vn 2.048727 0.000000 -1.501439
vn 1.894549 0.000000 -1.691828
vn 1.718726 0.000000 -1.870182
vn 1.521711 0.000000 -2.033715
vn 1.304508 0.000000 -2.179417
vn 1.068790 0.000000 -2.304189
vn 0.816975 0.000000 -2.405026
vn 0.552243 0.000000 -2.479239
vn 0.278456 0.000000 -2.524691
vn -2.540000 0.000000 0.000000
vn -2.530232 0.000000 -0.222540
vn -2.500853 0.000000 -0.444222
vn -2.451641 0.000000 -0.664120
vn -2.382253 0.000000 -0.881176
vn -2.292262 0.000000 -1.094136
vn -2.181218 0.000000 -1.301494
vn -2.048727 0.000000 -1.501439
vn -1.894549 0.000000 -1.691828
vn -1.718726 0.000000 -1.870182
vn -1.521711 0.000000 -2.033715
vn -1.304508 0.000000 -2.179417
vn -1.068790 0.000000 -2.304189
vn -0.816975 0.000000 -2.405026
vn -0.552243 0.000000 -2.479239
vn -0.278456 0.000000 -2.524691
vn 0.000000 0.000000 -2.540000
vn 0.278456 0.000000 -2.524691
vn 0.552243 0.000000 -2.479239
vn 0.816975 0.000000 -2.405026
vn 1.068790 0.000000 -2.304189
vn 1.304508 0.000000 -2.179417
vn 1.521711 0.000000 -2.033715
vn 1.718726 0.000000 -1.870182
vn 1.894549 0.000000 -1.691828
vn 2.048727 0.000000 -1.501439
vn 2.181218 0.000000 -1.301494
vn 2.292262 0.000000 -1.094136
vn 2.382253 0.000000 -0.881176
vn 2.451641 0.000000 -0.664120
vn 2.500853 0.000000 -0.444222
vn 2.530232 0.000000 -0.222540
vn 2.540000 0.000000 0.000000
vn 2.530232 0.000000 0.222540
vn 2.500853 0.000000 0.444222
vn 2.451641 0.000000 0.664120
vn 2.382253 0.000000 0.881176
vn 2.292262 0.000000 1.094136
vn 2.181218 0.000000 1.301494
vn 2.048727 0.000000 1.501439
vn 1.894549 0.000000 1.691828
vn 1.718726 0.000000 1.870182
vn 1.521711 0.000000 2.033715
vn 1.304508 0.000000 2.179417
vn 1.068790 0.000000 2.304189
vn 0.816975 0.000000 2.405026
vn 0.552243 0.000000 2.479239
vn 0.278456 0.000000 2.524691
vn 0.000000 0.000000 2.540000
vn -0.278456 0.000000 2.524691
vn -0.552243 0.000000 2.479239
vn -0.816975 0.000000 2.405026
vn -1.068790 0.000000 2.304189
vn -1.304508 0.000000 2.179417
vn -1.521711 0.000000 2.033715
vn -1.718726 0.000000 1.870182
vn -1.894549 0.000000 1.691828
vn -2.048727 0.000000 1.501439
vn -2.181218 0.000000 1.301494
vn -2.292262 0.000000 1.094136
vn -2.382253 0.000000 0.881176
vn -2.451641 0.000000 0.664120
vn -2.500853 0.000000 0.444222
vn -2.530232 0.000000 0.222540
vn 0.000000 0.000000 -2.540000
vn 0.000000 0.000000 -2.540000
vn 0.000000 0.000000 2.540000
vn 0.278458 0.000000 2.524690
vn 0.552249 0.000000 2.479238
vn 0.816983 0.000000 2.405024
vn 1.068798 0.000000 2.304186
vn 1.304506 0.000000 2.179418
vn 1.521708 0.000000 2.033717
vn 1.718728 0.000000 1.870181
vn 1.894552 0.000000 1.691826
vn 2.048725 0.000000 1.501442
vn 2.181218 0.000000 1.301494
vn 2.292264 0.000000 1.094133
vn 2.382252 0.000000 0.881178
vn 2.451641 0.000000 0.664121
vn 2.500854 0.000000 0.444219
vn 2.530232 0.000000 0.222542
vn 2.540000 0.000000 0.000000
vn 2.530232 0.000000 -0.222544
vn 2.500853 0.000000 -0.444221
vn 2.451642 0.000000 -0.664118
vn 2.382252 0.000000 -0.881178
vn 2.292262 0.000000 -1.094138
vn 2.181221 0.000000 -1.301490
vn 2.048727 0.000000 -1.501438
vn 1.894546 0.000000 -1.691832
vn 1.718726 0.000000 -1.870182
vn 1.521716 0.000000 -2.033711
vn 1.304509 0.000000 -2.179416
vn 1.068786 0.000000 -2.304191
vn 0.816970 0.000000 -2.405028
vn 0.552245 0.000000 -2.479239
vn 0.278463 0.000000 -2.524690
vn 0.000000 0.000000 -2.540000
vn -0.278461 0.000000 -2.524690
vn -0.552247 0.000000 -2.479239
vn -0.816970 0.000000 -2.405028
vn -1.068786 0.000000 -2.304191
vn -1.304510 0.000000 -2.179416
vn -1.521715 0.000000 -2.033712
vn -1.718724 0.000000 -1.870184
vn -1.894548 0.000000 -1.691829
vn -2.048729 0.000000 -1.501435
vn -2.181219 0.000000 -1.301494
vn -2.292261 0.000000 -1.094139
vn -2.382254 0.000000 -0.881174
vn -2.451642 0.000000 -0.664119
vn -2.500853 0.000000 -0.444226
vn -2.530232 0.000000 -0.222539
vn -2.540000 0.000000 0.000000
vn -2.530233 0.000000 0.222537
vn -2.500853 0.000000 0.444223
vn -2.451641 0.000000 0.664122
vn -2.382254 0.000000 0.881172
vn -2.292262 0.000000 1.094136
vn -2.181216 0.000000 1.301498
vn -2.048727 0.000000 1.501438
vn -1.894553 0.000000 1.691824
vn -1.718726 0.000000 1.870182
vn -1.521706 0.000000 2.033718
vn -1.304507 0.000000 2.179418
vn -1.068795 0.000000 2.304187
vn -0.816978 0.000000 2.405025
vn -0.552240 0.000000 2.479240
vn -0.278449 0.000000 2.524691
vn 0.000000 0.000000 2.540000
vn 0.000000 0.000000 2.540000
vn -0.278449 0.000000 2.524691
vn -0.552240 0.000000 2.479240
vn -0.816978 0.000000 2.405025
vn -1.068795 0.000000 2.304187
vn -1.304507 0.000000 2.179418
vn -1.521706 0.000000 2.033718
vn -1.718726 0.000000 1.870182
vn -1.894553 0.000000 1.691824
vn -2.048727 0.000000 1.501438
vn -2.181216 0.000000 1.301498
vn -2.292262 0.000000 1.094136
vn -2.382254 0.000000 0.881172
vn -2.451641 0.000000 0.664122
vn -2.500853 0.000000 0.444223
vn -2.530233 0.000000 0.222537
vn -2.540000 0.000000 0.000000
vn -2.530232 0.000000 -0.222539
vn -2.500853 0.000000 -0.444226
vn -2.451642 0.000000 -0.664119
vn -2.382254 0.000000 -0.881174
vn -2.292261 0.000000 -1.094139
vn -2.181219 0.000000 -1.301494
vn -2.048729 0.000000 -1.501435
vn -1.894548 0.000000 -1.691829
vn -1.718724 0.000000 -1.870184
vn -1.521715 0.000000 -2.033712
vn -1.304510 0.000000 -2.179416
vn -1.068786 0.000000 -2.304191
vn -0.816970 0.000000 -2.405028
vn -0.552247 0.000000 -2.479239
vn -0.278461 0.000000 -2.524690
vn 0.000000 0.000000 -2.540000
vn 0.278463 0.000000 -2.524690
vn 0.552245 0.000000 -2.479239
vn 0.816970 0.000000 -2.405028
vn 1.068786 0.000000 -2.304191
vn 1.304509 0.000000 -2.179416
vn 1.521716 0.000000 -2.033711
vn 1.718726 0.000000 -1.870182
vn 1.894546 0.000000 -1.691832
vn 2.048727 0.000000 -1.501438
vn 2.181221 0.000000 -1.301490
vn 2.292262 0.000000 -1.094138
vn 2.382252 0.000000 -0.881178
vn 2.451642 0.000000 -0.664118
vn 2.500853 0.000000 -0.444221
vn 2.530232 0.000000 -0.222544
vn 2.540000 0.000000 0.000000
vn 2.530232 0.000000 0.222542
vn 2.500854 0.000000 0.444219
vn 2.451641 0.000000 0.664121
vn 2.382252 0.000000 0.881178
vn 2.292264 0.000000 1.094133
vn 2.181218 0.000000 1.301494
vn 2.048725 0.000000 1.501442
vn 1.894552 0.000000 1.691826
vn 1.718728 0.000000 1.870181
vn 1.521708 0.000000 2.033717
vn 1.304506 0.000000 2.179418
vn 1.068798 0.000000 2.304186
vn 0.816983 0.000000 2.405024
vn 0.552249 0.000000 2.479238
vn 0.278458 0.000000 2.524690
vn 0.000000 0.000000 2.540000
vn 0.000000 2.540000 0.000000
vn 0.000000 2.540000 0.000000
vn 0.000000 2.540000 0.000000
vn 0.000000 2.540000 0.000000
vn 0.000000 2.540000 0.000000
vn 0.000000 2.540000 0.000000
vn 0.000000 2.540000 0.000000
vn 0.000000 2.540000 0.000000
vn 0.000000 2.540000 0.000000
vn 0.000000 2.540000 0.000000
vn 0.000000 2.540000 0.000000
vn 0.000000 2.540000 0.000000
vn 0.000000 2.540000 0.000000
vn 0.000000 2.540000 0.000000
vn 0.000000 2.540000 0.000000
vn 0.000000 2.540000 0.000000
vn 0.000000 2.540000 0.000000
vn 0.000000 2.540000 0.000000
vn 0.000000 2.540000 0.000000
vn 0.000000 2.540000 0.000000
vn 0.000000 2.540000 0.000000
vn 0.000000 2.540000 0.000000
vn 0.000000 2.540000 0.000000
vn 0.000000 2.540000 0.000000
vn 0.000000 2.540000 0.000000
vn 0.000000 2.540000 0.000000
vn 0.000000 2.540000 0.000000
vn 0.000000 2.540000 0.000000
vn 0.000000 2.540000 0.000000
vn 0.000000 2.540000 0.000000
vn 0.000000 2.540000 0.000000
vn 0.000000 2.540000 0.000000
vn 0.000000 2.540000 0.000000
vn 0.000000 2.540000 0.000000
vn 0.000000 2.540000 0.000000
vn 0.000000 2.540000 0.000000
vn 0.000000 2.540000 0.000000
vn 0.000000 2.540000 0.000000
vn 0.000000 2.540000 0.000000
vn 0.000000 2.540000 0.000000
vn 0.000000 2.540000 0.000000
vn 0.000000 2.540000 0.000000
vn 0.000000 2.540000 0.000000
vn 0.000000 2.540000 0.000000
vn 0.000000 2.540000 0.000000
vn 0.000000 2.540000 0.000000
vn 0.000000 2.540000 0.000000
vn 0.000000 2.540000 0.000000
vn 0.000000 2.540000 0.000000
vn 0.000000 2.540000 0.000000
vn 0.000000 2.540000 0.000000
vn 0.000000 2.540000 0.000000
vn 0.000000 2.540000 0.000000
vn 0.000000 2.540000 0.000000
vn 0.000000 2.540000 0.000000
vn 0.000000 2.540000 0.000000
vn 0.000000 2.540000 0.000000
vn 0.000000 2.540000 0.000000
vn 0.000000 2.540000 0.000000
vn 0.000000 2.540000 0.000000
vn 0.000000 2.540000 0.000000
vn 0.000000 2.540000 0.000000
vn 0.000000 2.540000 0.000000
vn 0.000000 2.540000 0.000000
vn 0.000000 2.540000 0.000000
vn 0.000000 2.540000 0.000000
vn 0.000000 2.540000 0.000000
vn 0.000000 2.540000 0.000000
vn 0.000000 2.540000 0.000000
vn 0.000000 2.540000 0.000000
vn 0.000000 2.540000 0.000000
vn 0.000000 2.540000 0.000000
vn 0.000000 2.540000 0.000000
vn 0.000000 2.540000 0.000000
vn 0.000000 2.540000 0.000000
vn 0.000000 2.540000 0.000000
vn 0.000000 2.540000 0.000000
vn 0.000000 2.540000 0.000000
vn 0.000000 2.540000 0.000000
vn 0.000000 2.540000 0.000000
vn 0.000000 2.540000 0.000000
vn 0.000000 2.540000 0.000000
vn 0.000000 2.540000 0.000000
vn 0.000000 2.540000 0.000000
vn 0.000000 2.540000 0.000000
vn 0.000000 2.540000 0.000000
vn 0.000000 2.540000 0.000000
vn 0.000000 2.540000 0.000000
vn 0.000000 2.540000 0.000000
vn 0.000000 2.540000 0.000000
vn 0.000000 2.540000 0.000000
vn 0.000000 2.540000 0.000000
vn 0.000000 2.540000 0.000000
vn 0.000000 2.540000 0.000000
vn 0.000000 2.540000 0.000000
vn 0.000000 2.540000 0.000000
vn 0.000000 2.540000 0.000000
vn 0.000000 2.540000 0.000000
vn 0.000000 2.540000 0.000000
vn 0.000000 2.540000 0.000000
vn 0.000000 2.540000 0.000000
vn 0.000000 2.540000 0.000000
vn 0.000000 2.540000 0.000000
vn 0.000000 2.540000 0.000000
vn 0.000000 2.540000 0.000000
vn 0.000000 2.540000 0.000000
vn 0.000000 2.540000 0.000000
vn 0.000000 2.540000 0.000000
vn 0.000000 2.540000 0.000000
vn 0.000000 2.540000 0.000000
vn 0.000000 2.540000 0.000000
vn 0.000000 2.540000 0.000000
vn 0.000000 2.540000 0.000000
vn 0.000000 2.540000 0.000000
vn 0.000000 2.540000 0.000000
vn 0.000000 2.540000 0.000000
vn 0.000000 2.540000 0.000000
vn 0.000000 2.540000 0.000000
vn 0.000000 2.540000 0.000000
vn 0.000000 2.540000 0.000000
vn 0.000000 2.540000 0.000000
vn 0.000000 2.540000 0.000000
vn 0.000000 2.540000 0.000000
vn 0.000000 2.540000 0.000000
vn 0.000000 2.540000 0.000000
vn 0.000000 2.540000 0.000000
vn 0.000000 2.540000 0.000000
vn 0.000000 2.540000 0.000000
vn 0.000000 2.540000 0.000000
vn 0.000000 2.540000 0.000000
vn 0.000000 2.540000 0.000000
vn 0.000000 2.540000 0.000000
vn 0.000000 2.540000 0.000000
vn 0.000000 2.540000 0.000000
vn 0.000000 2.540000 0.000000
vn 0.000000 2.540000 0.000000
vn 0.000000 2.540000 0.000000
vn 0.000000 2.540000 0.000000
vn 0.000000 2.540000 0.000000
vn 0.000000 2.540000 0.000000
vn 0.000000 2.540000 0.000000
vn 0.000000 2.540000 0.000000
vn 0.000000 2.540000 0.000000
vn 0.000000 2.540000 0.000000
vn 0.000000 2.540000 0.000000
vn 0.000000 2.540000 0.000000
vn 0.000000 2.540000 0.000000
vn 0.000000 2.540000 0.000000
vn 0.000000 2.540000 0.000000
vn 0.000000 2.540000 0.000000
vn 0.000000 2.540000 0.000000
vn 0.000000 2.540000 0.000000
vn 0.000000 2.540000 0.000000
vn 0.000000 2.540000 0.000000
vn 0.000000 2.540000 0.000000
vn 0.000000 2.540000 0.000000
vn 0.000000 2.540000 0.000000
vn 0.000000 2.540000 0.000000
vn 0.000000 2.540000 0.000000
vn 0.000000 2.540000 0.000000
vn 0.000000 2.540000 0.000000
vn 0.000000 2.540000 0.000000
vn 0.000000 2.540000 0.000000
vn 0.000000 2.540000 0.000000
vn 0.000000 2.540000 0.000000
vn 0.000000 2.540000 0.000000
vn 0.000000 2.540000 0.000000
vn 0.000000 2.540000 0.000000
vn 0.000000 2.540000 0.000000
vn 0.000000 2.540000 0.000000
vn 0.000000 2.540000 0.000000
vn 0.000000 2.540000 0.000000
vn 0.000000 2.540000 0.000000
vn 0.000000 2.540000 0.000000
vn 0.000000 2.540000 0.000000
vn 0.000000 2.540000 0.000000
vn 0.000000 2.540000 0.000000
vn 0.000000 2.540000 0.000000
vn 0.000000 2.540000 0.000000
vn 0.000000 2.540000 0.000000
vn 0.000000 2.540000 0.000000
vn 0.000000 2.540000 0.000000
vn 0.000000 2.540000 0.000000
vn 0.000000 2.540000 0.000000
vn 0.000000 2.540000 0.000000
vn 0.000000 2.540000 0.000000
vn 0.000000 2.540000 0.000000
vn 0.000000 2.540000 0.000000
vn 0.000000 2.540000 0.000000
vn 0.000000 2.540000 0.000000
vn 0.000000 2.540000 0.000000
vn 0.000000 2.540000 0.000000
vn 0.000000 -2.540000 0.000000
vn 0.000000 -2.540000 0.000000
vn 0.000000 -2.540000 0.000000
vn 0.000000 -2.540000 0.000000
vn 0.000000 -2.540000 0.000000
vn 0.000000 -2.540000 0.000000
vn 0.000000 -2.540000 0.000000
vn 0.000000 -2.540000 0.000000
vn 0.000000 -2.540000 0.000000
vn 0.000000 -2.540000 0.000000
vn 0.000000 -2.540000 0.000000
vn 0.000000 -2.540000 0.000000
vn 0.000000 -2.540000 0.000000
vn 0.000000 -2.540000 0.000000
vn 0.000000 -2.540000 0.000000
vn 0.000000 -2.540000 0.000000
vn 0.000000 -2.540000 0.000000
vn 0.000000 -2.540000 0.000000
vn 0.000000 -2.540000 0.000000
vn 0.000000 -2.540000 0.000000
vn 0.000000 -2.540000 0.000000
vn 0.000000 -2.540000 0.000000
vn 0.000000 -2.540000 0.000000
vn 0.000000 -2.540000 0.000000
vn 0.000000 -2.540000 0.000000
vn 0.000000 -2.540000 0.000000
vn 0.000000 -2.540000 0.000000
vn 0.000000 -2.540000 0.000000
vn 0.000000 -2.540000 0.000000
vn 0.000000 -2.540000 0.000000
vn 0.000000 -2.540000 0.000000
vn 0.000000 -2.540000 0.000000
vn 0.000000 -2.540000 0.000000
vn 0.000000 -2.540000 0.000000
vn 0.000000 -2.540000 0.000000
vn 0.000000 -2.540000 0.000000
vn 0.000000 -2.540000 0.000000
vn 0.000000 -2.540000 0.000000
vn 0.000000 -2.540000 0.000000
vn 0.000000 -2.540000 0.000000
vn 0.000000 -2.540000 0.000000
vn 0.000000 -2.540000 0.000000
vn 0.000000 -2.540000 0.000000
vn 0.000000 -2.540000 0.000000
vn 0.000000 -2.540000 0.000000
vn 0.000000 -2.540000 0.000000
vn 0.000000 -2.540000 0.000000
vn 0.000000 -2.540000 0.000000
vn 0.000000 -2.540000 0.000000
vn 0.000000 -2.540000 0.000000
vn 0.000000 -2.540000 0.000000
vn 0.000000 -2.540000 0.000000
vn 0.000000 -2.540000 0.000000
vn 0.000000 -2.540000 0.000000
vn 0.000000 -2.540000 0.000000
vn 0.000000 -2.540000 0.000000
vn 0.000000 -2.540000 0.000000
vn 0.000000 -2.540000 0.000000
vn 0.000000 -2.540000 0.000000
vn 0.000000 -2.540000 0.000000
vn 0.000000 -2.540000 0.000000
vn 0.000000 -2.540000 0.000000
vn 0.000000 -2.540000 0.000000
vn 0.000000 -2.540000 0.000000
vn 0.000000 0.000000 2.540000
vn 0.284112 0.000000 2.524060
vn 0.563049 0.000000 2.476808
vn 0.831992 0.000000 2.399873
vn 1.086782 0.000000 2.295758
vn 1.324102 0.000000 2.167568
vn 1.541556 0.000000 2.018714
vn 1.737623 0.000000 1.852637
vn 1.911545 0.000000 1.672602
vn 2.063160 0.000000 1.481543
vn 2.192735 0.000000 1.281996
vn 2.300796 0.000000 1.076076
vn 2.387994 0.000000 0.865497
vn 2.454992 0.000000 0.651624
vn 2.502381 0.000000 0.435535
vn 2.530620 0.000000 0.218089
vn 2.540000 0.000000 0.000000
vn 2.530620 0.000000 -0.218089
vn 2.502381 0.000000 -0.435535
vn 2.454992 0.000000 -0.651624
vn 2.387994 0.000000 -0.865497
vn 2.300796 0.000000 -1.076076
vn 2.192735 0.000000 -1.281996
vn 2.063160 0.000000 -1.481543
vn 1.911545 0.000000 -1.672602
vn 1.737623 0.000000 -1.852637
vn 1.541556 0.000000 -2.018714
vn 1.324102 0.000000 -2.167568
vn 1.086782 0.000000 -2.295758
vn 0.831992 0.000000 -2.399873
vn 0.563049 0.000000 -2.476808
vn 0.284112 0.000000 -2.524060
vn 0.000000 0.000000 -2.540000
vn -0.284112 0.000000 -2.524060
vn -0.563049 0.000000 -2.476808
vn -0.831992 0.000000 -2.399873
vn -1.086782 0.000000 -2.295758
vn -1.324102 0.000000 -2.167568
vn -1.541556 0.000000 -2.018714
vn -1.737623 0.000000 -1.852637
vn -1.911545 0.000000 -1.672602
vn -2.063160 0.000000 -1.481543
vn -2.192735 0.000000 -1.281996
vn -2.300796 0.000000 -1.076076
vn -2.387994 0.000000 -0.865497
vn -2.454992 0.000000 -0.651624
vn -2.502381 0.000000 -0.435535
vn -2.530620 0.000000 -0.218089
vn -2.540000 0.000000 0.000000
vn -2.530620 0.000000 0.218089
vn -2.502381 0.000000 0.435535
vn -2.454992 0.000000 0.651624
vn -2.387994 0.000000 0.865497
vn -2.300796 0.000000 1.076076
vn -2.192735 0.000000 1.281996
vn -2.063160 0.000000 1.481543
vn -1.911545 0.000000 1.672602
vn -1.737623 0.000000 1.852637
vn -1.541556 0.000000 2.018714
vn -1.324102 0.000000 2.167568
vn -1.086782 0.000000 2.295758
vn -0.831992 0.000000 2.399873
vn -0.563049 0.000000 2.476808
vn -0.284112 0.000000 2.524060
vn 0.000000 0.000000 2.540000
vn -0.284112 0.000000 2.524060
vn -0.563049 0.000000 2.476808
vn -0.831992 0.000000 2.399873
vn -1.086782 0.000000 2.295758
vn -1.324102 0.000000 2.167568
vn -1.541556 0.000000 2.018714
vn -1.737623 0.000000 1.852637
vn -1.911545 0.000000 1.672602
vn -2.063160 0.000000 1.481543
vn -2.192735 0.000000 1.281996
vn -2.300796 0.000000 1.076076
vn -2.387994 0.000000 0.865497
vn -2.454992 0.000000 0.651624
vn -2.502381 0.000000 0.435535
vn -2.530620 0.000000 0.218089
vn -2.540000 0.000000 0.000000
vn -2.530620 0.000000 -0.218089
vn -2.502381 0.000000 -0.435535
vn -2.454992 0.000000 -0.651624
vn -2.387994 0.000000 -0.865497
vn -2.300796 0.000000 -1.076076
vn -2.192735 0.000000 -1.281996
vn -2.063160 0.000000 -1.481543
vn -1.911545 0.000000 -1.672602
vn -1.737623 0.000000 -1.852637
vn -1.541556 0.000000 -2.018714
vn -1.324102 0.000000 -2.167568
vn -1.086782 0.000000 -2.295758
vn -0.831992 0.000000 -2.399873
vn -0.563049 0.000000 -2.476808
vn -0.284112 0.000000 -2.524060
vn 0.000000 0.000000 -2.540000
vn 0.284112 0.000000 -2.524060
vn 0.563049 0.000000 -2.476808
vn 0.831992 0.000000 -2.399873
vn 1.086782 0.000000 -2.295758
vn 1.324102 0.000000 -2.167568
vn 1.541556 0.000000 -2.018714
vn 1.737623 0.000000 -1.852637
vn 1.911545 0.000000 -1.672602
vn 2.063160 0.000000 -1.481543
vn 2.192735 0.000000 -1.281996
vn 2.300796 0.000000 -1.076076
vn 2.387994 0.000000 -0.865497
vn 2.454992 0.000000 -0.651624
vn 2.502381 0.000000 -0.435535
vn 2.530620 0.000000 -0.218089
vn 2.540000 0.000000 0.000000
vn 2.530620 0.000000 0.218089
vn 2.502381 0.000000 0.435535
vn 2.454992 0.000000 0.651624
vn 2.387994 0.000000 0.865497
vn 2.300796 0.000000 1.076076
vn 2.192735 0.000000 1.281996
vn 2.063160 0.000000 1.481543
vn 1.911545 0.000000 1.672602
vn 1.737623 0.000000 1.852637
vn 1.541556 0.000000 2.018714
vn 1.324102 0.000000 2.167568
vn 1.086782 0.000000 2.295758
vn 0.831992 0.000000 2.399873
vn 0.563049 0.000000 2.476808
vn 0.284112 0.000000 2.524060
vn 0.000000 0.000000 2.540000
vn 0.000000 0.000000 2.540000
vn 0.000000 2.540000 0.000000
vn 0.000000 2.540000 0.000000
vn 0.000000 2.540000 0.000000
vn 0.000000 2.540000 0.000000
vn 0.000000 2.540000 0.000000
vn 0.000000 2.540000 0.000000
vn 0.000000 2.540000 0.000000
vn 0.000000 2.540000 0.000000
vn 0.000000 2.540000 0.000000
vn 0.000000 2.540000 0.000000
vn 0.000000 2.540000 0.000000
vn 0.000000 2.540000 0.000000
vn 0.000000 2.540000 0.000000
vn 0.000000 2.540000 0.000000
vn 0.000000 2.540000 0.000000
vn 0.000000 2.540000 0.000000
vn 0.000000 2.540000 0.000000
vn 0.000000 2.540000 0.000000
vn 0.000000 2.540000 0.000000
vn 0.000000 2.540000 0.000000
vn 0.000000 2.540000 0.000000
vn 0.000000 2.540000 0.000000
vn 0.000000 2.540000 0.000000
vn 0.000000 2.540000 0.000000
vn 0.000000 2.540000 0.000000
vn 0.000000 2.540000 0.000000
vn 0.000000 2.540000 0.000000
vn 0.000000 2.540000 0.000000
vn 0.000000 2.540000 0.000000
vn 0.000000 2.540000 0.000000
vn 0.000000 2.540000 0.000000
vn 0.000000 2.540000 0.000000
vn 0.000000 2.540000 0.000000
vn 0.000000 2.540000 0.000000
vn 0.000000 2.540000 0.000000
vn 0.000000 2.540000 0.000000
vn 0.000000 2.540000 0.000000
vn 0.000000 2.540000 0.000000
vn 0.000000 2.540000 0.000000
vn 0.000000 2.540000 0.000000
vn 0.000000 2.540000 0.000000
vn 0.000000 2.540000 0.000000
vn 0.000000 2.540000 0.000000
vn 0.000000 2.540000 0.000000
vn 0.000000 2.540000 0.000000
vn 0.000000 2.540000 0.000000
vn 0.000000 2.540000 0.000000
vn 0.000000 2.540000 0.000000
vn 0.000000 2.540000 0.000000
vn 0.000000 2.540000 0.000000
vn 0.000000 2.540000 0.000000
vn 0.000000 2.540000 0.000000
vn 0.000000 2.540000 0.000000
vn 0.000000 2.540000 0.000000
vn 0.000000 2.540000 0.000000
vn 0.000000 2.540000 0.000000
vn 0.000000 2.540000 0.000000
vn 0.000000 2.540000 0.000000
vn 0.000000 2.540000 0.000000
vn 0.000000 2.540000 0.000000
vn 0.000000 2.540000 0.000000
vn 0.000000 2.540000 0.000000
vn 0.000000 2.540000 0.000000
vn 0.000000 2.540000 0.000000
vn 0.000000 2.540000 0.000000
vn 0.000000 2.540000 0.000000
vn 0.000000 2.540000 0.000000
vn 0.000000 2.540000 0.000000
vn 0.000000 2.540000 0.000000
vn 0.000000 2.540000 0.000000
vn 0.000000 2.540000 0.000000
vn 0.000000 2.540000 0.000000
vn 0.000000 2.540000 0.000000
vn 0.000000 2.540000 0.000000
vn 0.000000 2.540000 0.000000
vn 0.000000 2.540000 0.000000
vn 0.000000 2.540000 0.000000
vn 0.000000 2.540000 0.000000
vn 0.000000 2.540000 0.000000
vn 0.000000 2.540000 0.000000
vn 0.000000 2.540000 0.000000
vn 0.000000 2.540000 0.000000
vn 0.000000 2.540000 0.000000
vn 0.000000 2.540000 0.000000
vn 0.000000 2.540000 0.000000
vn 0.000000 2.540000 0.000000
vn 0.000000 2.540000 0.000000
vn 0.000000 2.540000 0.000000
vn 0.000000 2.540000 0.000000
vn 0.000000 2.540000 0.000000
vn 0.000000 2.540000 0.000000
vn 0.000000 2.540000 0.000000
vn 0.000000 2.540000 0.000000
vn 0.000000 2.540000 0.000000
vn 0.000000 2.540000 0.000000
vn 0.000000 2.540000 0.000000
vn 0.000000 2.540000 0.000000
vn 0.000000 2.540000 0.000000
vn 0.000000 2.540000 0.000000
vn 0.000000 2.540000 0.000000
vn 0.000000 2.540000 0.000000
vn 0.000000 2.540000 0.000000
vn 0.000000 2.540000 0.000000
vn 0.000000 2.540000 0.000000
vn 0.000000 2.540000 0.000000
vn 0.000000 2.540000 0.000000
vn 0.000000 2.540000 0.000000
vn 0.000000 2.540000 0.000000
vn 0.000000 2.540000 0.000000
vn 0.000000 2.540000 0.000000
vn 0.000000 2.540000 0.000000
vn 0.000000 2.540000 0.000000
vn 0.000000 2.540000 0.000000
vn 0.000000 2.540000 0.000000
vn 0.000000 2.540000 0.000000
vn 0.000000 2.540000 0.000000
vn 0.000000 2.540000 0.000000
vn 0.000000 2.540000 0.000000
vn 0.000000 2.540000 0.000000
vn 0.000000 2.540000 0.000000
vn 0.000000 2.540000 0.000000
vn 0.000000 2.540000 0.000000
vn 0.000000 2.540000 0.000000
vn 0.000000 2.540000 0.000000
vn 0.000000 2.540000 0.000000
vn 0.000000 2.540000 0.000000
vn 0.000000 2.540000 0.000000
vn 0.000000 2.540000 0.000000
vn 0.000000 0.000000 2.540000
vn 0.287803 0.000000 2.523642
vn 0.570086 0.000000 2.475197
vn 0.841744 0.000000 2.396470
vn 1.098422 0.000000 2.290212
vn 1.336722 0.000000 2.159809
vn 1.554275 0.000000 2.008937
vn 1.749675 0.000000 1.841260
vn 1.922330 0.000000 1.660195
vn 2.072277 0.000000 1.468764
vn 2.199978 0.000000 1.269527
vn 2.306142 0.000000 1.064569
vn 2.391579 0.000000 0.855539
vn 2.457079 0.000000 0.643709
vn 2.503331 0.000000 0.430042
vn 2.530861 0.000000 0.215277
vn 2.540000 0.000000 0.000000
vn 2.530861 0.000000 -0.215277
vn 2.503331 0.000000 -0.430042
vn 2.457079 0.000000 -0.643709
vn 2.391579 0.000000 -0.855539
vn 2.306142 0.000000 -1.064569
vn 2.199978 0.000000 -1.269527
vn 2.072277 0.000000 -1.468764
vn 1.922330 0.000000 -1.660195
vn 1.749675 0.000000 -1.841260
vn 1.554275 0.000000 -2.008937
vn 1.336722 0.000000 -2.159809
vn 1.098422 0.000000 -2.290212
vn 0.841744 0.000000 -2.396470
vn 0.570086 0.000000 -2.475197
vn 0.287803 0.000000 -2.523642
vn 0.000000 0.000000 -2.540000
vn -0.287803 0.000000 -2.523642
vn -0.570086 0.000000 -2.475197
vn -0.841744 0.000000 -2.396470
vn -1.098422 0.000000 -2.290212
vn -1.336722 0.000000 -2.159809
vn -1.554275 0.000000 -2.008937
vn -1.749675 0.000000 -1.841260
vn -1.922330 0.000000 -1.660195
vn -2.072277 0.000000 -1.468764
vn -2.199978 0.000000 -1.269527
vn -2.306142 0.000000 -1.064569
vn -2.391579 0.000000 -0.855539
vn -2.457079 0.000000 -0.643709
vn -2.503331 0.000000 -0.430042
vn -2.530861 0.000000 -0.215277
vn -2.540000 0.000000 0.000000
vn -2.530861 0.000000 0.215277
vn -2.503331 0.000000 0.430042
vn -2.457079 0.000000 0.643709
vn -2.391579 0.000000 0.855539
vn -2.306142 0.000000 1.064569
vn -2.199978 0.000000 1.269527
vn -2.072277 0.000000 1.468764
vn -1.922330 0.000000 1.660195
vn -1.749675 0.000000 1.841260
vn -1.554275 0.000000 2.008937
vn -1.336722 0.000000 2.159809
vn -1.098422 0.000000 2.290212
vn -0.841744 0.000000 2.396470
vn -0.570086 0.000000 2.475197
vn -0.287803 0.000000 2.523642
vn 0.000000 0.000000 2.540000
vn -0.287803 0.000000 2.523642
vn -0.570086 0.000000 2.475197
vn -0.841744 0.000000 2.396470
vn -1.098422 0.000000 2.290212
vn -1.336722 0.000000 2.159809
vn -1.554275 0.000000 2.008937
vn -1.749675 0.000000 1.841260
vn -1.922330 0.000000 1.660195
vn -2.072277 0.000000 1.468764
vn -2.199978 0.000000 1.269527
vn -2.306142 0.000000 1.064569
vn -2.391579 0.000000 0.855539
vn -2.457079 0.000000 0.643709
vn -2.503331 0.000000 0.430042
vn -2.530861 0.000000 0.215277
vn -2.540000 0.000000 0.000000
vn -2.530861 0.000000 -0.215277
vn -2.503331 0.000000 -0.430042
vn -2.457079 0.000000 -0.643709
vn -2.391579 0.000000 -0.855539
vn -2.306142 0.000000 -1.064569
vn -2.199978 0.000000 -1.269527
vn -2.072277 0.000000 -1.468764
vn -1.922330 0.000000 -1.660195
vn -1.749675 0.000000 -1.841260
vn -1.554275 0.000000 -2.008937
vn -1.336722 0.000000 -2.159809
vn -1.098422 0.000000 -2.290212
vn -0.841744 0.000000 -2.396470
vn -0.570086 0.000000 -2.475197
vn -0.287803 0.000000 -2.523642
vn 0.000000 0.000000 -2.540000
vn 0.287803 0.000000 -2.523642
vn 0.570086 0.000000 -2.475197
vn 0.841744 0.000000 -2.396470
vn 1.098422 0.000000 -2.290212
vn 1.336722 0.000000 -2.159809
vn 1.554275 0.000000 -2.008937
vn 1.749675 0.000000 -1.841260
vn 1.922330 0.000000 -1.660195
vn 2.072277 0.000000 -1.468764
vn 2.199978 0.000000 -1.269527
vn 2.306142 0.000000 -1.064569
vn 2.391579 0.000000 -0.855539
vn 2.457079 0.000000 -0.643709
vn 2.503331 0.000000 -0.430042
vn 2.530861 0.000000 -0.215277
vn 2.540000 0.000000 0.000000
vn 2.530861 0.000000 0.215277
vn 2.503331 0.000000 0.430042
vn 2.457079 0.000000 0.643709
vn 2.391579 0.000000 0.855539
vn 2.306142 0.000000 1.064569
vn 2.199978 0.000000 1.269527
vn 2.072277 0.000000 1.468764
vn 1.922330 0.000000 1.660195
vn 1.749675 0.000000 1.841260
vn 1.554275 0.000000 2.008937
vn 1.336722 0.000000 2.159809
vn 1.098422 0.000000 2.290212
vn 0.841744 0.000000 2.396470
vn 0.570086 0.000000 2.475197
vn 0.287803 0.000000 2.523642
vn 0.000000 0.000000 2.540000
vn 0.000000 0.000000 2.540000
vn 0.000000 2.540000 0.000000
vn 0.000000 2.540000 0.000000
vn 0.000000 2.540000 0.000000
vn 0.000000 2.540000 0.000000
vn 0.000000 2.540000 0.000000
vn 0.000000 2.540000 0.000000
vn 0.000000 2.540000 0.000000
vn 0.000000 2.540000 0.000000
vn 0.000000 2.540000 0.000000
vn 0.000000 2.540000 0.000000
vn 0.000000 2.540000 0.000000
vn 0.000000 2.540000 0.000000
vn 0.000000 2.540000 0.000000
vn 0.000000 2.540000 0.000000
vn 0.000000 2.540000 0.000000
vn 0.000000 2.540000 0.000000
vn 0.000000 2.540000 0.000000
vn 0.000000 2.540000 0.000000
vn 0.000000 2.540000 0.000000
vn 0.000000 2.540000 0.000000
vn 0.000000 2.540000 0.000000
vn 0.000000 2.540000 0.000000
vn 0.000000 2.540000 0.000000
vn 0.000000 2.540000 0.000000
vn 0.000000 2.540000 0.000000
vn 0.000000 2.540000 0.000000
vn 0.000000 2.540000 0.000000
vn 0.000000 2.540000 0.000000
vn 0.000000 2.540000 0.000000
vn 0.000000 2.540000 0.000000
vn 0.000000 2.540000 0.000000
vn 0.000000 2.540000 0.000000
vn 0.000000 2.540000 0.000000
vn 0.000000 2.540000 0.000000
vn 0.000000 2.540000 0.000000
vn 0.000000 2.540000 0.000000
vn 0.000000 2.540000 0.000000
vn 0.000000 2.540000 0.000000
vn 0.000000 2.540000 0.000000
vn 0.000000 2.540000 0.000000
vn 0.000000 2.540000 0.000000
vn 0.000000 2.540000 0.000000
vn 0.000000 2.540000 0.000000
vn 0.000000 2.540000 0.000000
vn 0.000000 2.540000 0.000000
vn 0.000000 2.540000 0.000000
vn 0.000000 2.540000 0.000000
vn 0.000000 2.540000 0.000000
vn 0.000000 2.540000 0.000000
vn 0.000000 2.540000 0.000000
vn 0.000000 2.540000 0.000000
vn 0.000000 2.540000 0.000000
vn 0.000000 2.540000 0.000000
vn 0.000000 2.540000 0.000000
vn 0.000000 2.540000 0.000000
vn 0.000000 2.540000 0.000000
vn 0.000000 2.540000 0.000000
vn 0.000000 2.540000 0.000000
vn 0.000000 2.540000 0.000000
vn 0.000000 2.540000 0.000000
vn 0.000000 2.540000 0.000000
vn 0.000000 2.540000 0.000000
vn 0.000000 2.540000 0.000000
vn 0.000000 2.540000 0.000000
vn 0.000000 2.540000 0.000000
vn 0.000000 2.540000 0.000000
vn 0.000000 2.540000 0.000000
vn 0.000000 2.540000 0.000000
vn 0.000000 2.540000 0.000000
vn 0.000000 2.540000 0.000000
vn 0.000000 2.540000 0.000000
vn 0.000000 2.540000 0.000000
vn 0.000000 2.540000 0.000000
vn 0.000000 2.540000 0.000000
vn 0.000000 2.540000 0.000000
vn 0.000000 2.540000 0.000000
vn 0.000000 2.540000 0.000000
vn 0.000000 2.540000 0.000000
vn 0.000000 2.540000 0.000000
vn 0.000000 2.540000 0.000000
vn 0.000000 2.540000 0.000000
vn 0.000000 2.540000 0.000000
vn 0.000000 2.540000 0.000000
vn 0.000000 2.540000 0.000000
vn 0.000000 2.540000 0.000000
vn 0.000000 2.540000 0.000000
vn 0.000000 2.540000 0.000000
vn 0.000000 2.540000 0.000000
vn 0.000000 2.540000 0.000000
vn 0.000000 2.540000 0.000000
vn 0.000000 2.540000 0.000000
vn 0.000000 2.540000 0.000000
vn 0.000000 2.540000 0.000000
vn 0.000000 2.540000 0.000000
vn 0.000000 2.540000 0.000000
vn 0.000000 2.540000 0.000000
vn 0.000000 2.540000 0.000000
vn 0.000000 2.540000 0.000000
vn 0.000000 2.540000 0.000000
vn 0.000000 2.540000 0.000000
vn 0.000000 2.540000 0.000000
vn 0.000000 2.540000 0.000000
vn 0.000000 2.540000 0.000000
vn 0.000000 2.540000 0.000000
vn 0.000000 2.540000 0.000000
vn 0.000000 2.540000 0.000000
vn 0.000000 2.540000 0.000000
vn 0.000000 2.540000 0.000000
vn 0.000000 2.540000 0.000000
vn 0.000000 2.540000 0.000000
vn 0.000000 2.540000 0.000000
vn 0.000000 2.540000 0.000000
vn 0.000000 2.540000 0.000000
vn 0.000000 2.540000 0.000000
vn 0.000000 2.540000 0.000000
vn 0.000000 2.540000 0.000000
vn 0.000000 2.540000 0.000000
vn 0.000000 2.540000 0.000000
vn 0.000000 2.540000 0.000000
vn 0.000000 2.540000 0.000000
vn 0.000000 2.540000 0.000000
vn 0.000000 2.540000 0.000000
vn 0.000000 2.540000 0.000000
vn 0.000000 2.540000 0.000000
vn 0.000000 2.540000 0.000000
vn 0.000000 2.540000 0.000000
vn 0.000000 2.540000 0.000000
vn 0.000000 2.540000 0.000000
vn 0.000000 0.000000 2.540000
vn 0.292359 0.000000 2.523118
vn 0.578761 0.000000 2.473183
vn 0.853733 0.000000 2.392225
vn 1.112683 0.000000 2.283317
vn 1.352124 0.000000 2.150200
vn 1.569734 0.000000 1.996882
vn 1.764258 0.000000 1.827291
vn 1.935326 0.000000 1.645027
vn 2.083218 0.000000 1.453205
vn 2.208638 0.000000 1.254400
vn 2.312515 0.000000 1.050655
vn 2.395841 0.000000 0.843531
vn 2.459555 0.000000 0.634183
vn 2.504455 0.000000 0.423442
vn 2.531145 0.000000 0.211902
vn 2.540000 0.000000 0.000000
vn 2.531145 0.000000 -0.211902
vn 2.504455 0.000000 -0.423442
vn 2.459555 0.000000 -0.634183
vn 2.395841 0.000000 -0.843531
vn 2.312515 0.000000 -1.050655
vn 2.208638 0.000000 -1.254400
vn 2.083218 0.000000 -1.453205
vn 1.935326 0.000000 -1.645027
vn 1.764258 0.000000 -1.827291
vn 1.569734 0.000000 -1.996882
vn 1.352124 0.000000 -2.150200
vn 1.112683 0.000000 -2.283317
vn 0.853733 0.000000 -2.392225
vn 0.578761 0.000000 -2.473183
vn 0.292359 0.000000 -2.523118
vn 0.000000 0.000000 -2.540000
vn -0.292359 0.000000 -2.523118
vn -0.578761 0.000000 -2.473183
vn -0.853733 0.000000 -2.392225
vn -1.112683 0.000000 -2.283317
vn -1.352124 0.000000 -2.150200
vn -1.569734 0.000000 -1.996882
vn -1.764258 0.000000 -1.827291
vn -1.935326 0.000000 -1.645027
vn -2.083218 0.000000 -1.453205
vn -2.208638 0.000000 -1.254400
vn -2.312515 0.000000 -1.050655
vn -2.395841 0.000000 -0.843531
vn -2.459555 0.000000 -0.634183
vn -2.504455 0.000000 -0.423442
vn -2.531145 0.000000 -0.211902
vn -2.540000 0.000000 0.000000
vn -2.531145 0.000000 0.211902
vn -2.504455 0.000000 0.423442
vn -2.459555 0.000000 0.634183
vn -2.395841 0.000000 0.843531
vn -2.312515 0.000000 1.050655
vn -2.208638 0.000000 1.254400
vn -2.083218 0.000000 1.453205
vn -1.935326 0.000000 1.645027
vn -1.764258 0.000000 1.827291
vn -1.569734 0.000000 1.996882
vn -1.352124 0.000000 2.150200
vn -1.112683 0.000000 2.283317
vn -0.853733 0.000000 2.392225
vn -0.578761 0.000000 2.473183
vn -0.292359 0.000000 2.523118
vn 0.000000 0.000000 2.540000
vn -0.292359 0.000000 2.523118
vn -0.578761 0.000000 2.473183
vn -0.853733 0.000000 2.392225
vn -1.112683 0.000000 2.283317
vn -1.352124 0.000000 2.150200
vn -1.569734 0.000000 1.996882
vn -1.764258 0.000000 1.827291
vn -1.935326 0.000000 1.645027
vn -2.083218 0.000000 1.453205
vn -2.208638 0.000000 1.254400
vn -2.312515 0.000000 1.050655
vn -2.395841 0.000000 0.843531
vn -2.459555 0.000000 0.634183
vn -2.504455 0.000000 0.423442
vn -2.531145 0.000000 0.211902
vn -2.540000 0.000000 0.000000
vn -2.531145 0.000000 -0.211902
vn -2.504455 0.000000 -0.423442
vn -2.459555 0.000000 -0.634183
vn -2.395841 0.000000 -0.843531
vn -2.312515 0.000000 -1.050655
vn -2.208638 0.000000 -1.254400
vn -2.083218 0.000000 -1.453205
vn -1.935326 0.000000 -1.645027
vn -1.764258 0.000000 -1.827291
vn -1.569734 0.000000 -1.996882
vn -1.352124 0.000000 -2.150200
vn -1.112683 0.000000 -2.283317
vn -0.853733 0.000000 -2.392225
vn -0.578761 0.000000 -2.473183
vn -0.292359 0.000000 -2.523118
vn 0.000000 0.000000 -2.540000
vn 0.292359 0.000000 -2.523118
vn 0.578761 0.000000 -2.473183
vn 0.853733 0.000000 -2.392225
vn 1.112683 0.000000 -2.283317
vn 1.352124 0.000000 -2.150200
vn 1.569734 0.000000 -1.996882
vn 1.764258 0.000000 -1.827291
vn 1.935326 0.000000 -1.645027
vn 2.083218 0.000000 -1.453205
vn 2.208638 0.000000 -1.254400
vn 2.312515 0.000000 -1.050655
vn 2.395841 0.000000 -0.843531
vn 2.459555 0.000000 -0.634183
vn 2.504455 0.000000 -0.423442
vn 2.531145 0.000000 -0.211902
vn 2.540000 0.000000 0.000000
vn 2.531145 0.000000 0.211902
vn 2.504455 0.000000 0.423442
vn 2.459555 0.000000 0.634183
vn 2.395841 0.000000 0.843531
vn 2.312515 0.000000 1.050655
vn 2.208638 0.000000 1.254400
vn 2.083218 0.000000 1.453205
vn 1.935326 0.000000 1.645027
vn 1.764258 0.000000 1.827291
vn 1.569734 0.000000 1.996882
vn 1.352124 0.000000 2.150200
vn 1.112683 0.000000 2.283317
vn 0.853733 0.000000 2.392225
vn 0.578761 0.000000 2.473183
vn 0.292359 0.000000 2.523118
vn 0.000000 0.000000 2.540000
vn 0.000000 0.000000 2.540000
vn 0.000000 2.540000 0.000000
vn 0.000000 2.540000 0.000000
vn 0.000000 2.540000 0.000000
vn 0.000000 2.540000 0.000000
vn 0.000000 2.540000 0.000000
vn 0.000000 2.540000 0.000000
vn 0.000000 2.540000 0.000000
vn 0.000000 2.540000 0.000000
vn 0.000000 2.540000 0.000000
vn 0.000000 2.540000 0.000000
vn 0.000000 2.540000 0.000000
vn 0.000000 2.540000 0.000000
vn 0.000000 2.540000 0.000000
vn 0.000000 2.540000 0.000000
vn 0.000000 2.540000 0.000000
vn 0.000000 2.540000 0.000000
vn 0.000000 2.540000 0.000000
vn 0.000000 2.540000 0.000000
vn 0.000000 2.540000 0.000000
vn 0.000000 2.540000 0.000000
vn 0.000000 2.540000 0.000000
vn 0.000000 2.540000 0.000000
vn 0.000000 2.540000 0.000000
vn 0.000000 2.540000 0.000000
vn 0.000000 2.540000 0.000000
vn 0.000000 2.540000 0.000000
vn 0.000000 2.540000 0.000000
vn 0.000000 2.540000 0.000000
vn 0.000000 2.540000 0.000000
vn 0.000000 2.540000 0.000000
vn 0.000000 2.540000 0.000000
vn 0.000000 2.540000 0.000000
vn 0.000000 2.540000 0.000000
vn 0.000000 2.540000 0.000000
vn 0.000000 2.540000 0.000000
vn 0.000000 2.540000 0.000000
vn 0.000000 2.540000 0.000000
vn 0.000000 2.540000 0.000000
vn 0.000000 2.540000 0.000000
vn 0.000000 2.540000 0.000000
vn 0.000000 2.540000 0.000000
vn 0.000000 2.540000 0.000000
vn 0.000000 2.540000 0.000000
vn 0.000000 2.540000 0.000000
vn 0.000000 2.540000 0.000000
vn 0.000000 2.540000 0.000000
vn 0.000000 2.540000 0.000000
vn 0.000000 2.540000 0.000000
vn 0.000000 2.540000 0.000000
vn 0.000000 2.540000 0.000000
vn 0.000000 2.540000 0.000000
vn 0.000000 2.540000 0.000000
vn 0.000000 2.540000 0.000000
vn 0.000000 2.540000 0.000000
vn 0.000000 2.540000 0.000000
vn 0.000000 2.540000 0.000000
vn 0.000000 2.540000 0.000000
vn 0.000000 2.540000 0.000000
vn 0.000000 2.540000 0.000000
vn 0.000000 2.540000 0.000000
vn 0.000000 2.540000 0.000000
vn 0.000000 2.540000 0.000000
vn 0.000000 2.540000 0.000000
vn 0.000000 2.540000 0.000000
vn 0.000000 2.540000 0.000000
vn 0.000000 2.540000 0.000000
vn 0.000000 2.540000 0.000000
vn 0.000000 2.540000 0.000000
vn 0.000000 2.540000 0.000000
vn 0.000000 2.540000 0.000000
vn 0.000000 2.540000 0.000000
vn 0.000000 2.540000 0.000000
vn 0.000000 2.540000 0.000000
vn 0.000000 2.540000 0.000000
vn 0.000000 2.540000 0.000000
vn 0.000000 2.540000 0.000000
vn 0.000000 2.540000 0.000000
vn 0.000000 2.540000 0.000000
vn 0.000000 2.540000 0.000000
vn 0.000000 2.540000 0.000000
vn 0.000000 2.540000 0.000000
vn 0.000000 2.540000 0.000000
vn 0.000000 2.540000 0.000000
vn 0.000000 2.540000 0.000000
vn 0.000000 2.540000 0.000000
vn 0.000000 2.540000 0.000000
vn 0.000000 2.540000 0.000000
vn 0.000000 2.540000 0.000000
vn 0.000000 2.540000 0.000000
vn 0.000000 2.540000 0.000000
vn 0.000000 2.540000 0.000000
vn 0.000000 2.540000 0.000000
vn 0.000000 2.540000 0.000000
vn 0.000000 2.540000 0.000000
vn 0.000000 2.540000 0.000000
vn 0.000000 2.540000 0.000000
vn 0.000000 2.540000 0.000000
vn 0.000000 2.540000 0.000000
vn 0.000000 2.540000 0.000000
vn 0.000000 2.540000 0.000000
vn 0.000000 2.540000 0.000000
vn 0.000000 2.540000 0.000000
vn 0.000000 2.540000 0.000000
vn 0.000000 2.540000 0.000000
vn 0.000000 2.540000 0.000000
vn 0.000000 2.540000 0.000000
vn 0.000000 2.540000 0.000000
vn 0.000000 2.540000 0.000000
vn 0.000000 2.540000 0.000000
vn 0.000000 2.540000 0.000000
vn 0.000000 2.540000 0.000000
vn 0.000000 2.540000 0.000000
vn 0.000000 2.540000 0.000000
vn 0.000000 2.540000 0.000000
vn 0.000000 2.540000 0.000000
vn 0.000000 2.540000 0.000000
vn 0.000000 2.540000 0.000000
vn 0.000000 2.540000 0.000000
vn 0.000000 2.540000 0.000000
vn 0.000000 2.540000 0.000000
vn 0.000000 2.540000 0.000000
vn 0.000000 2.540000 0.000000
vn 0.000000 2.540000 0.000000
vn 0.000000 2.540000 0.000000
vn 0.000000 2.540000 0.000000
vn 0.000000 2.540000 0.000000
vn 0.000000 2.540000 0.000000
vn 0.000000 2.540000 0.000000
usemtl 191,191,191
f 346/2/2 344/80/80 329/1/1
f 329/1/1 344/80/80 326/129/129
f 329/130/130 326/81/81 298/64/64
f 298/64/64 326/81/81 296/82/82
f 298/64/64 296/82/82 276/83/83
f 346/2/2 366/3/3 344/80/80
f 344/80/80 366/3/3 364/79/79
f 364/79/79 366/3/3 390/4/4
f 364/79/79 390/4/4 388/78/78
f 388/78/78 390/4/4 410/5/5
f 388/78/78 410/5/5 408/77/77
f 408/77/77 410/5/5 438/6/6
f 408/77/77 438/6/6 436/76/76
f 436/76/76 438/6/6 458/7/7
f 436/76/76 458/7/7 456/75/75
f 456/75/75 458/7/7 482/8/8
f 456/75/75 482/8/8 480/74/74
f 480/74/74 482/8/8 514/9/9
f 480/74/74 514/9/9 512/73/73
f 512/73/73 514/9/9 548/10/10
f 512/73/73 548/10/10 546/72/72
f 546/72/72 548/10/10 574/11/11
f 546/72/72 574/11/11 572/71/71
f 572/71/71 574/11/11 590/12/12
f 572/71/71 590/12/12 588/70/70
f 588/70/70 590/12/12 608/13/13
f 588/70/70 608/13/13 606/69/69
f 606/69/69 608/13/13 612/14/14
f 606/69/69 612/14/14 610/68/68
f 610/68/68 612/14/14 620/15/15
f 610/68/68 620/15/15 618/67/67
f 618/67/67 620/15/15 624/16/16
f 618/67/67 624/16/16 622/66/66
f 622/66/66 624/16/16 630/17/17
f 622/66/66 630/17/17 629/65/65
f 629/65/65 630/17/17 623/18/18
f 629/65/65 623/18/18 621/128/128
f 621/128/128 623/18/18 619/19/19
f 621/128/128 619/19/19 617/127/127
f 617/127/127 619/19/19 611/20/20
f 617/127/127 611/20/20 609/126/126
f 609/126/126 611/20/20 607/21/21
f 609/126/126 607/21/21 605/125/125
f 605/125/125 607/21/21 589/22/22
f 605/125/125 589/22/22 587/124/124
f 587/124/124 589/22/22 573/23/23
f 587/124/124 573/23/23 571/123/123
f 571/123/123 573/23/23 547/24/24
f 571/123/123 547/24/24 545/122/122
f 545/122/122 547/24/24 513/25/25
f 545/122/122 513/25/25 511/121/121
f 511/121/121 513/25/25 481/26/26
f 511/121/121 481/26/26 479/120/120
f 479/120/120 481/26/26 457/27/27
f 479/120/120 457/27/27 455/119/119
f 455/119/119 457/27/27 437/28/28
f 455/119/119 437/28/28 435/118/118
f 435/118/118 437/28/28 409/29/29
f 435/118/118 409/29/29 407/117/117
f 407/117/117 409/29/29 389/30/30
f 407/117/117 389/30/30 387/116/116
f 387/116/116 389/30/30 365/31/31
f 387/116/116 365/31/31 363/115/115
f 363/115/115 365/31/31 345/32/32
f 363/115/115 345/32/32 343/114/114
f 343/114/114 345/32/32 328/33/33
f 343/114/114 328/33/33 323/113/113
f 323/113/113 328/33/33 297/34/34
f 323/113/113 297/34/34 295/112/112
f 295/112/112 297/34/34 277/35/35
f 295/112/112 277/35/35 275/111/111
f 275/111/111 277/35/35 253/36/36
f 275/111/111 253/36/36 251/110/110
f 251/110/110 253/36/36 233/37/37
f 251/110/110 233/37/37 231/109/109
f 231/109/109 233/37/37 205/38/38
f 231/109/109 205/38/38 203/108/108
f 203/108/108 205/38/38 185/39/39
f 203/108/108 185/39/39 183/107/107
f 183/107/107 185/39/39 161/40/40
f 183/107/107 161/40/40 159/106/106
f 159/106/106 161/40/40 129/41/41
f 159/106/106 129/41/41 127/105/105
f 127/105/105 129/41/41 95/42/42
f 127/105/105 95/42/42 93/104/104
f 93/104/104 95/42/42 69/43/43
f 93/104/104 69/43/43 67/103/103
f 67/103/103 69/43/43 53/44/44
f 67/103/103 53/44/44 51/102/102
f 51/102/102 53/44/44 35/45/45
f 51/102/102 35/45/45 33/101/101
f 33/101/101 35/45/45 31/46/46
f 33/101/101 31/46/46 29/100/100
f 29/100/100 31/46/46 23/47/47
f 29/100/100 23/47/47 21/99/99
f 21/99/99 23/47/47 19/48/48
f 21/99/99 19/48/48 17/98/98
f 17/98/98 19/48/48 12/49/49
f 17/98/98 12/49/49 11/97/97
f 11/97/97 12/49/49 20/50/50
f 11/97/97 20/50/50 18/96/96
f 18/96/96 20/50/50 24/51/51
f 18/96/96 24/51/51 22/95/95
f 22/95/95 24/51/51 32/52/52
f 22/95/95 32/52/52 30/94/94
f 30/94/94 32/52/52 36/53/53
f 30/94/94 36/53/53 34/93/93
f 34/93/93 36/53/53 54/54/54
f 34/93/93 54/54/54 52/92/92
f 52/92/92 54/54/54 70/55/55
f 52/92/92 70/55/55 68/91/91
f 68/91/91 70/55/55 96/56/56
f 68/91/91 96/56/56 94/90/90
f 94/90/90 96/56/56 130/57/57
f 94/90/90 130/57/57 128/89/89
f 128/89/89 130/57/57 162/58/58
f 128/89/89 162/58/58 160/88/88
f 160/88/88 162/58/58 186/59/59
f 160/88/88 186/59/59 184/87/87
f 184/87/87 186/59/59 206/60/60
f 184/87/87 206/60/60 204/86/86
f 204/86/86 206/60/60 234/61/61
f 204/86/86 234/61/61 232/85/85
f 232/85/85 234/61/61 254/62/62
f 232/85/85 254/62/62 252/84/84
f 252/84/84 254/62/62 278/63/63
f 252/84/84 278/63/63 276/83/83
f 276/83/83 278/63/63 298/64/64
f 312/131/131 348/132/132 330/260/260
f 330/260/260 348/132/132 350/259/259
f 350/259/259 348/132/132 368/133/133
f 350/259/259 368/133/133 370/258/258
f 370/258/258 368/133/133 392/134/134
f 370/258/258 392/134/134 394/257/257
f 394/257/257 392/134/134 416/135/135
f 394/257/257 416/135/135 418/256/256
f 418/256/256 416/135/135 440/136/136
f 418/256/256 440/136/136 442/255/255
f 442/255/255 440/136/136 468/137/137
f 442/255/255 468/137/137 470/254/254
f 470/254/254 468/137/137 496/138/138
f 470/254/254 496/138/138 498/253/253
f 498/253/253 496/138/138 534/139/139
f 498/253/253 534/139/139 536/252/252
f 536/252/252 534/139/139 558/140/140
f 536/252/252 558/140/140 560/251/251
f 560/251/251 558/140/140 580/141/141
f 560/251/251 580/141/141 582/250/250
f 582/250/250 580/141/141 602/142/142
f 582/250/250 602/142/142 604/249/249
f 604/249/249 602/142/142 614/143/143
f 604/249/249 614/143/143 616/248/248
f 616/248/248 614/143/143 626/144/144
f 616/248/248 626/144/144 628/247/247
f 628/247/247 626/144/144 632/145/145
f 628/247/247 632/145/145 634/246/246
f 634/246/246 632/145/145 636/146/146
f 634/246/246 636/146/146 638/245/245
f 638/245/245 636/146/146 639/147/147
f 638/245/245 639/147/147 640/244/244
f 640/244/244 639/147/147 635/148/148
f 640/244/244 635/148/148 637/243/243
f 637/243/243 635/148/148 631/149/149
f 637/243/243 631/149/149 633/242/242
f 633/242/242 631/149/149 625/150/150
f 633/242/242 625/150/150 627/241/241
f 627/241/241 625/150/150 613/151/151
f 627/241/241 613/151/151 615/240/240
f 615/240/240 613/151/151 601/152/152
f 615/240/240 601/152/152 603/239/239
f 603/239/239 601/152/152 579/153/153
f 603/239/239 579/153/153 581/238/238
f 581/238/238 579/153/153 557/154/154
f 581/238/238 557/154/154 559/237/237
f 559/237/237 557/154/154 533/155/155
f 559/237/237 533/155/155 535/236/236
f 535/236/236 533/155/155 495/156/156
f 535/236/236 495/156/156 497/235/235
f 497/235/235 495/156/156 467/157/157
f 497/235/235 467/157/157 469/234/234
f 469/234/234 467/157/157 439/158/158
f 469/234/234 439/158/158 441/233/233
f 441/233/233 439/158/158 415/159/159
f 441/233/233 415/159/159 417/232/232
f 417/232/232 415/159/159 391/160/160
f 417/232/232 391/160/160 393/231/231
f 393/231/231 391/160/160 367/161/161
f 393/231/231 367/161/161 369/230/230
f 369/230/230 367/161/161 347/162/162
f 369/230/230 347/162/162 349/229/229
f 349/229/229 347/162/162 311/163/163
f 349/229/229 311/163/163 327/228/228
f 327/228/228 311/163/163 291/164/164
f 327/228/228 291/164/164 293/227/227
f 293/227/227 291/164/164 271/165/165
f 293/227/227 271/165/165 273/226/226
f 273/226/226 271/165/165 247/166/166
f 273/226/226 247/166/166 249/225/225
f 249/225/225 247/166/166 223/167/167
f 249/225/225 223/167/167 225/224/224
f 225/224/224 223/167/167 199/168/168
f 225/224/224 199/168/168 201/223/223
f 201/223/223 199/168/168 171/169/169
f 201/223/223 171/169/169 173/222/222
f 173/222/222 171/169/169 143/170/170
f 173/222/222 143/170/170 145/221/221
f 145/221/221 143/170/170 105/171/171
f 145/221/221 105/171/171 107/220/220
f 107/220/220 105/171/171 81/172/172
f 107/220/220 81/172/172 83/219/219
f 83/219/219 81/172/172 59/173/173
f 83/219/219 59/173/173 61/218/218
f 61/218/218 59/173/173 37/174/174
f 61/218/218 37/174/174 39/217/217
f 39/217/217 37/174/174 25/175/175
f 39/217/217 25/175/175 27/216/216
f 27/216/216 25/175/175 13/176/176
f 27/216/216 13/176/176 15/215/215
f 15/215/215 13/176/176 7/177/177
f 15/215/215 7/177/177 9/214/214
f 9/214/214 7/177/177 3/178/178
f 9/214/214 3/178/178 5/213/213
f 5/213/213 3/178/178 1/179/179
f 5/213/213 1/179/179 2/212/212
f 2/212/212 1/179/179 4/180/180
f 2/212/212 4/180/180 6/211/211
f 6/211/211 4/180/180 8/181/181
f 6/211/211 8/181/181 10/210/210
f 10/210/210 8/181/181 14/182/182
f 10/210/210 14/182/182 16/209/209
f 16/209/209 14/182/182 26/183/183
f 16/209/209 26/183/183 28/208/208
f 28/208/208 26/183/183 38/184/184
f 28/208/208 38/184/184 40/207/207
f 40/207/207 38/184/184 60/185/185
f 40/207/207 60/185/185 62/206/206
f 62/206/206 60/185/185 82/186/186
f 62/206/206 82/186/186 84/205/205
f 84/205/205 82/186/186 106/187/187
f 84/205/205 106/187/187 108/204/204
f 108/204/204 106/187/187 144/188/188
f 108/204/204 144/188/188 146/203/203
f 146/203/203 144/188/188 172/189/189
f 146/203/203 172/189/189 174/202/202
f 174/202/202 172/189/189 200/190/190
f 174/202/202 200/190/190 202/201/201
f 202/201/201 200/190/190 224/191/191
f 202/201/201 224/191/191 226/200/200
f 226/200/200 224/191/191 248/192/192
f 226/200/200 248/192/192 250/199/199
f 250/199/199 248/192/192 272/193/193
f 250/199/199 272/193/193 274/198/198
f 274/198/198 272/193/193 292/194/194
f 274/198/198 292/194/194 294/197/197
f 294/197/197 292/194/194 312/195/195
f 294/197/197 312/195/195 330/196/196
f 350/262/262 346/388/388 330/261/261
f 330/261/261 346/388/388 329/325/325
f 330/261/261 329/325/325 298/326/326
f 346/388/388 350/262/262 366/387/387
f 366/387/387 350/262/262 370/263/263
f 366/387/387 370/263/263 390/386/386
f 390/386/386 370/263/263 394/264/264
f 390/386/386 394/264/264 410/385/385
f 410/385/385 394/264/264 418/265/265
f 410/385/385 418/265/265 438/384/384
f 438/384/384 418/265/265 442/266/266
f 438/384/384 442/266/266 458/383/383
f 458/383/383 442/266/266 470/267/267
f 458/383/383 470/267/267 482/382/382
f 482/382/382 470/267/267 498/268/268
f 482/382/382 498/268/268 514/381/381
f 514/381/381 498/268/268 536/269/269
f 514/381/381 536/269/269 548/380/380
f 548/380/380 536/269/269 560/270/270
f 548/380/380 560/270/270 574/379/379
f 574/379/379 560/270/270 582/271/271
f 574/379/379 582/271/271 590/378/378
f 590/378/378 582/271/271 604/272/272
f 590/378/378 604/272/272 608/377/377
f 608/377/377 604/272/272 616/273/273
f 608/377/377 616/273/273 612/376/376
f 612/376/376 616/273/273 628/274/274
f 612/376/376 628/274/274 620/375/375
f 620/375/375 628/274/274 634/275/275
f 620/375/375 634/275/275 624/374/374
f 624/374/374 634/275/275 638/276/276
f 624/374/374 638/276/276 630/373/373
f 630/373/373 638/276/276 640/277/277
f 630/373/373 640/277/277 637/278/278
f 630/373/373 637/278/278 623/372/372
f 623/372/372 637/278/278 633/279/279
f 623/372/372 633/279/279 619/371/371
f 619/371/371 633/279/279 627/280/280
f 619/371/371 627/280/280 611/370/370
f 611/370/370 627/280/280 615/281/281
f 611/370/370 615/281/281 607/369/369
f 607/369/369 615/281/281 603/282/282
f 607/369/369 603/282/282 589/368/368
f 589/368/368 603/282/282 581/283/283
f 589/368/368 581/283/283 573/367/367
f 573/367/367 581/283/283 559/284/284
f 573/367/367 559/284/284 547/366/366
f 547/366/366 559/284/284 535/285/285
f 547/366/366 535/285/285 513/365/365
f 513/365/365 535/285/285 497/286/286
f 513/365/365 497/286/286 481/364/364
f 481/364/364 497/286/286 469/287/287
f 481/364/364 469/287/287 457/363/363
f 457/363/363 469/287/287 441/288/288
f 457/363/363 441/288/288 437/362/362
f 437/362/362 441/288/288 417/289/289
f 437/362/362 417/289/289 409/361/361
f 409/361/361 417/289/289 393/290/290
f 409/361/361 393/290/290 389/360/360
f 389/360/360 393/290/290 369/291/291
f 389/360/360 369/291/291 365/359/359
f 365/359/359 369/291/291 349/292/292
f 365/359/359 349/292/292 345/358/358
f 345/358/358 349/292/292 327/293/293
f 345/358/358 327/293/293 328/357/357
f 328/357/357 327/293/293 297/356/356
f 297/356/356 327/293/293 293/294/294
f 297/356/356 293/294/294 277/355/355
f 277/355/355 293/294/294 273/295/295
f 277/355/355 273/295/295 253/354/354
f 253/354/354 273/295/295 249/296/296
f 253/354/354 249/296/296 233/353/353
f 233/353/353 249/296/296 225/297/297
f 233/353/353 225/297/297 205/352/352
f 205/352/352 225/297/297 201/298/298
f 205/352/352 201/298/298 185/351/351
f 185/351/351 201/298/298 173/299/299
f 185/351/351 173/299/299 161/350/350
f 161/350/350 173/299/299 145/300/300
f 161/350/350 145/300/300 129/349/349
f 129/349/349 145/300/300 107/301/301
f 129/349/349 107/301/301 95/348/348
f 95/348/348 107/301/301 83/302/302
f 95/348/348 83/302/302 69/347/347
f 69/347/347 83/302/302 61/303/303
f 69/347/347 61/303/303 53/346/346
f 53/346/346 61/303/303 39/304/304
f 53/346/346 39/304/304 35/345/345
f 35/345/345 39/304/304 27/305/305
f 35/345/345 27/305/305 31/344/344
f 31/344/344 27/305/305 15/306/306
f 31/344/344 15/306/306 23/343/343
f 23/343/343 15/306/306 9/307/307
f 23/343/343 9/307/307 19/342/342
f 19/342/342 9/307/307 5/308/308
f 19/342/342 5/308/308 12/341/341
f 12/341/341 5/308/308 2/309/309
f 12/341/341 2/309/309 6/310/310
f 12/341/341 6/310/310 20/340/340
f 20/340/340 6/310/310 10/311/311
f 20/340/340 10/311/311 24/339/339
f 24/339/339 10/311/311 16/312/312
f 24/339/339 16/312/312 32/338/338
f 32/338/338 16/312/312 28/313/313
f 32/338/338 28/313/313 36/337/337
f 36/337/337 28/313/313 40/314/314
f 36/337/337 40/314/314 54/336/336
f 54/336/336 40/314/314 62/315/315
f 54/336/336 62/315/315 70/335/335
f 70/335/335 62/315/315 84/316/316
f 70/335/335 84/316/316 96/334/334
f 96/334/334 84/316/316 108/317/317
f 96/334/334 108/317/317 130/333/333
f 130/333/333 108/317/317 146/318/318
f 130/333/333 146/318/318 162/332/332
f 162/332/332 146/318/318 174/319/319
f 162/332/332 174/319/319 186/331/331
f 186/331/331 174/319/319 202/320/320
f 186/331/331 202/320/320 206/330/330
f 206/330/330 202/320/320 226/321/321
f 206/330/330 226/321/321 234/329/329
f 234/329/329 226/321/321 250/322/322
f 234/329/329 250/322/322 254/328/328
f 254/328/328 250/322/322 274/323/323
f 254/328/328 274/323/323 278/327/327
f 278/327/327 274/323/323 294/324/324
f 278/327/327 294/324/324 298/326/326
f 298/326/326 294/324/324 330/261/261
f 307/390/390 308/420/420 313/389/389
f 313/389/389 308/420/420 314/421/421
f 313/389/389 314/421/421 331/452/452
f 331/452/452 314/421/421 332/422/422
f 331/452/452 332/422/422 351/451/451
f 351/451/451 332/422/422 352/423/423
f 351/451/451 352/423/423 371/450/450
f 371/450/450 352/423/423 372/424/424
f 371/450/450 372/424/424 383/449/449
f 383/449/449 372/424/424 384/425/425
f 383/449/449 384/425/425 399/448/448
f 399/448/448 384/425/425 400/426/426
f 399/448/448 400/426/426 419/447/447
f 419/447/447 400/426/426 420/427/427
f 419/447/447 420/427/427 431/446/446
f 431/446/446 420/427/427 432/428/428
f 431/446/446 432/428/428 447/445/445
f 447/445/445 432/428/428 448/429/429
f 447/445/445 448/429/429 459/444/444
f 459/444/444 448/429/429 460/430/430
f 459/444/444 460/430/430 475/443/443
f 475/443/443 460/430/430 476/431/431
f 475/443/443 476/431/431 491/442/442
f 491/442/442 476/431/431 492/432/432
f 491/442/442 492/432/432 499/441/441
f 499/441/441 492/432/432 500/433/433
f 499/441/441 500/433/433 515/440/440
f 515/440/440 500/433/433 516/434/434
f 515/440/440 516/434/434 519/439/439
f 519/439/439 516/434/434 520/435/435
f 519/439/439 520/435/435 527/438/438
f 527/438/438 520/435/435 528/436/436
f 527/438/438 528/436/436 531/437/437
f 308/420/420 307/390/390 288/419/419
f 288/419/419 307/390/390 287/391/391
f 288/419/419 287/391/391 268/418/418
f 268/418/418 287/391/391 267/392/392
f 268/418/418 267/392/392 256/417/417
f 256/417/417 267/392/392 255/393/393
f 256/417/417 255/393/393 240/416/416
f 240/416/416 255/393/393 239/394/394
f 240/416/416 239/394/394 220/415/415
f 220/415/415 239/394/394 219/395/395
f 220/415/415 219/395/395 208/414/414
f 208/414/414 219/395/395 207/396/396
f 208/414/414 207/396/396 192/413/413
f 192/413/413 207/396/396 191/397/397
f 192/413/413 191/397/397 180/412/412
f 180/412/412 191/397/397 179/398/398
f 180/412/412 179/398/398 164/411/411
f 164/411/411 179/398/398 163/399/399
f 164/411/411 163/399/399 148/410/410
f 148/410/410 163/399/399 147/400/400
f 148/410/410 147/400/400 140/409/409
f 140/409/409 147/400/400 139/401/401
f 140/409/409 139/401/401 124/408/408
f 124/408/408 139/401/401 123/402/402
f 124/408/408 123/402/402 120/407/407
f 120/407/407 123/402/402 119/403/403
f 120/407/407 119/403/403 112/406/406
f 112/406/406 119/403/403 111/404/404
f 112/406/406 111/404/404 109/405/405
f 348/516/516 312/453/453 311/485/485
f 311/485/485 312/453/453 292/454/454
f 311/485/485 292/454/454 272/455/455
f 248/456/456 223/481/481 272/455/455
f 272/455/455 223/481/481 247/482/482
f 272/455/455 247/482/482 271/483/483
f 248/456/456 224/457/457 223/481/481
f 223/481/481 224/457/457 200/458/458
f 223/481/481 200/458/458 172/459/459
f 144/460/460 105/477/477 172/459/459
f 172/459/459 105/477/477 143/478/478
f 172/459/459 143/478/478 171/479/479
f 144/460/460 106/461/461 105/477/477
f 105/477/477 106/461/461 82/462/462
f 105/477/477 82/462/462 60/463/463
f 60/463/463 38/464/464 105/477/477
f 105/477/477 38/464/464 26/465/465
f 105/477/477 26/465/465 14/466/466
f 8/467/467 4/468/468 14/466/466
f 14/466/466 4/468/468 1/469/469
f 14/466/466 1/469/469 3/470/470
f 3/470/470 7/471/471 14/466/466
f 14/466/466 7/471/471 13/472/472
f 14/466/466 13/472/472 25/473/473
f 25/473/473 37/474/474 14/466/466
f 14/466/466 37/474/474 59/475/475
f 14/466/466 59/475/475 81/476/476
f 81/476/476 105/477/477 14/466/466
f 171/479/479 199/480/480 172/459/459
f 172/459/459 199/480/480 223/481/481
f 271/483/483 291/484/484 272/455/455
f 272/455/455 291/484/484 311/485/485
f 311/485/485 347/486/486 348/516/516
f 348/516/516 347/486/486 367/487/487
f 348/516/516 367/487/487 391/488/488
f 415/489/489 440/512/512 391/488/488
f 391/488/488 440/512/512 416/513/513
f 391/488/488 416/513/513 392/514/514
f 415/489/489 439/490/490 440/512/512
f 440/512/512 439/490/490 467/491/491
f 440/512/512 467/491/491 495/492/492
f 533/493/493 558/508/508 495/492/492
f 495/492/492 558/508/508 534/509/509
f 495/492/492 534/509/509 496/510/510
f 533/493/493 557/494/494 558/508/508
f 558/508/508 557/494/494 579/495/495
f 558/508/508 579/495/495 580/507/507
f 580/507/507 579/495/495 602/506/506
f 602/506/506 579/495/495 614/505/505
f 614/505/505 579/495/495 601/496/496
f 614/505/505 601/496/496 613/497/497
f 613/497/497 625/498/498 614/505/505
f 614/505/505 625/498/498 631/499/499
f 614/505/505 631/499/499 626/504/504
f 626/504/504 631/499/499 632/503/503
f 632/503/503 631/499/499 636/502/502
f 636/502/502 631/499/499 639/501/501
f 639/501/501 631/499/499 635/500/500
f 496/510/510 468/511/511 495/492/492
f 495/492/492 468/511/511 440/512/512
f 392/514/514 368/515/515 391/488/488
f 391/488/488 368/515/515 348/516/516
f 301/518/518 299/644/644 324/517/517
f 324/517/517 299/644/644 319/645/645
f 324/646/646 319/581/581 341/580/580
f 341/580/580 319/581/581 339/582/582
f 341/580/580 339/582/582 359/583/583
f 301/518/518 281/519/519 299/644/644
f 299/644/644 281/519/519 279/643/643
f 279/643/643 281/519/519 261/520/520
f 279/643/643 261/520/520 259/642/642
f 259/642/642 261/520/520 237/521/521
f 259/642/642 237/521/521 235/641/641
f 235/641/641 237/521/521 217/522/522
f 235/641/641 217/522/522 215/640/640
f 215/640/640 217/522/522 197/523/523
f 215/640/640 197/523/523 195/639/639
f 195/639/639 197/523/523 177/524/524
f 195/639/639 177/524/524 175/638/638
f 175/638/638 177/524/524 153/525/525
f 175/638/638 153/525/525 151/637/637
f 151/637/637 153/525/525 133/526/526
f 151/637/637 133/526/526 131/636/636
f 131/636/636 133/526/526 103/527/527
f 131/636/636 103/527/527 101/635/635
f 101/635/635 103/527/527 87/528/528
f 101/635/635 87/528/528 85/634/634
f 85/634/634 87/528/528 65/529/529
f 85/634/634 65/529/529 63/633/633
f 63/633/633 65/529/529 57/530/530
f 63/633/633 57/530/530 55/632/632
f 55/632/632 57/530/530 49/531/531
f 55/632/632 49/531/531 47/631/631
f 47/631/631 49/531/531 45/532/532
f 47/631/631 45/532/532 43/630/630
f 43/630/630 45/532/532 42/533/533
f 43/630/630 42/533/533 41/629/629
f 41/629/629 42/533/533 46/534/534
f 41/629/629 46/534/534 44/628/628
f 44/628/628 46/534/534 50/535/535
f 44/628/628 50/535/535 48/627/627
f 48/627/627 50/535/535 58/536/536
f 48/627/627 58/536/536 56/626/626
f 56/626/626 58/536/536 66/537/537
f 56/626/626 66/537/537 64/625/625
f 64/625/625 66/537/537 88/538/538
f 64/625/625 88/538/538 86/624/624
f 86/624/624 88/538/538 102/623/623
f 102/623/623 88/538/538 104/539/539
f 102/623/623 104/539/539 134/540/540
f 102/623/623 134/540/540 132/622/622
f 132/622/622 134/540/540 154/541/541
f 132/622/622 154/541/541 152/621/621
f 152/621/621 154/541/541 178/542/542
f 152/621/621 178/542/542 176/620/620
f 176/620/620 178/542/542 198/543/543
f 176/620/620 198/543/543 196/619/619
f 196/619/619 198/543/543 218/544/544
f 196/619/619 218/544/544 216/618/618
f 216/618/618 218/544/544 238/545/545
f 216/618/618 238/545/545 236/617/617
f 236/617/617 238/545/545 262/546/546
f 236/617/617 262/546/546 260/616/616
f 260/616/616 262/546/546 282/547/547
f 260/616/616 282/547/547 280/615/615
f 280/615/615 282/547/547 302/548/548
f 280/615/615 302/548/548 300/614/614
f 300/614/614 302/548/548 325/549/549
f 300/614/614 325/549/549 322/613/613
f 322/613/613 325/549/549 342/550/550
f 322/613/613 342/550/550 340/612/612
f 340/612/612 342/550/550 362/551/551
f 340/612/612 362/551/551 360/611/611
f 360/611/611 362/551/551 382/552/552
f 360/611/611 382/552/552 380/610/610
f 380/610/610 382/552/552 406/553/553
f 380/610/610 406/553/553 404/609/609
f 404/609/609 406/553/553 426/554/554
f 404/609/609 426/554/554 424/608/608
f 424/608/608 426/554/554 446/555/555
f 424/608/608 446/555/555 444/607/607
f 444/607/607 446/555/555 466/556/556
f 444/607/607 466/556/556 464/606/606
f 464/606/606 466/556/556 490/557/557
f 464/606/606 490/557/557 488/605/605
f 488/605/605 490/557/557 510/558/558
f 488/605/605 510/558/558 508/604/604
f 508/604/604 510/558/558 540/559/559
f 508/604/604 540/559/559 538/603/603
f 538/603/603 540/559/559 554/602/602
f 554/602/602 540/559/559 556/560/560
f 554/602/602 556/560/560 578/561/561
f 554/602/602 578/561/561 576/601/601
f 576/601/601 578/561/561 586/562/562
f 576/601/601 586/562/562 584/600/600
f 584/600/600 586/562/562 594/563/563
f 584/600/600 594/563/563 592/599/599
f 592/599/599 594/563/563 598/564/564
f 592/599/599 598/564/564 596/598/598
f 596/598/598 598/564/564 600/565/565
f 596/598/598 600/565/565 599/597/597
f 599/597/597 600/565/565 597/566/566
f 599/597/597 597/566/566 595/596/596
f 595/596/596 597/566/566 593/567/567
f 595/596/596 593/567/567 591/595/595
f 591/595/595 593/567/567 585/568/568
f 591/595/595 585/568/568 583/594/594
f 583/594/594 585/568/568 577/569/569
f 583/594/594 577/569/569 575/593/593
f 575/593/593 577/569/569 555/570/570
f 575/593/593 555/570/570 553/592/592
f 553/592/592 555/570/570 539/571/571
f 553/592/592 539/571/571 537/591/591
f 537/591/591 539/571/571 509/572/572
f 537/591/591 509/572/572 507/590/590
f 507/590/590 509/572/572 489/573/573
f 507/590/590 489/573/573 487/589/589
f 487/589/589 489/573/573 465/574/574
f 487/589/589 465/574/574 463/588/588
f 463/588/588 465/574/574 445/575/575
f 463/588/588 445/575/575 443/587/587
f 443/587/587 445/575/575 425/576/576
f 443/587/587 425/576/576 423/586/586
f 423/586/586 425/576/576 405/577/577
f 423/586/586 405/577/577 403/585/585
f 403/585/585 405/577/577 381/578/578
f 403/585/585 381/578/578 379/584/584
f 379/584/584 381/578/578 361/579/579
f 379/584/584 361/579/579 359/583/583
f 359/583/583 361/579/579 341/580/580
f 622/710/710 629/647/647 600/727/727
f 600/727/727 629/647/647 621/648/648
f 600/727/727 621/648/648 597/726/726
f 597/726/726 621/648/648 617/649/649
f 597/726/726 617/649/649 593/725/725
f 593/725/725 617/649/649 609/650/650
f 593/725/725 609/650/650 585/724/724
f 585/724/724 609/650/650 605/651/651
f 585/724/724 605/651/651 577/723/723
f 577/723/723 605/651/651 587/652/652
f 577/723/723 587/652/652 555/722/722
f 555/722/722 587/652/652 571/653/653
f 555/722/722 571/653/653 539/721/721
f 539/721/721 571/653/653 545/654/654
f 539/721/721 545/654/654 509/720/720
f 509/720/720 545/654/654 511/655/655
f 509/720/720 511/655/655 489/719/719
f 489/719/719 511/655/655 479/656/656
f 489/719/719 479/656/656 465/718/718
f 465/718/718 479/656/656 455/657/657
f 465/718/718 455/657/657 445/717/717
f 445/717/717 455/657/657 435/658/658
f 445/717/717 435/658/658 425/716/716
f 425/716/716 435/658/658 407/659/659
f 425/716/716 407/659/659 405/715/715
f 405/715/715 407/659/659 387/660/660
f 405/715/715 387/660/660 381/714/714
f 381/714/714 387/660/660 363/661/661
f 381/714/714 363/661/661 361/713/713
f 361/713/713 363/661/661 343/662/662
f 361/713/713 343/662/662 341/712/712
f 341/712/712 343/662/662 323/663/663
f 341/712/712 323/663/663 324/711/711
f 324/711/711 323/663/663 301/774/774
f 301/774/774 323/663/663 295/664/664
f 301/774/774 295/664/664 281/773/773
f 281/773/773 295/664/664 275/665/665
f 281/773/773 275/665/665 261/772/772
f 261/772/772 275/665/665 251/666/666
f 261/772/772 251/666/666 237/771/771
f 237/771/771 251/666/666 231/667/667
f 237/771/771 231/667/667 217/770/770
f 217/770/770 231/667/667 203/668/668
f 217/770/770 203/668/668 197/769/769
f 197/769/769 203/668/668 183/669/669
f 197/769/769 183/669/669 177/768/768
f 177/768/768 183/669/669 159/670/670
f 177/768/768 159/670/670 153/767/767
f 153/767/767 159/670/670 127/671/671
f 153/767/767 127/671/671 133/766/766
f 133/766/766 127/671/671 93/672/672
f 133/766/766 93/672/672 103/765/765
f 103/765/765 93/672/672 67/673/673
f 103/765/765 67/673/673 87/764/764
f 87/764/764 67/673/673 51/674/674
f 87/764/764 51/674/674 65/763/763
f 65/763/763 51/674/674 33/675/675
f 65/763/763 33/675/675 57/762/762
f 57/762/762 33/675/675 29/676/676
f 57/762/762 29/676/676 49/761/761
f 49/761/761 29/676/676 21/677/677
f 49/761/761 21/677/677 45/760/760
f 45/760/760 21/677/677 17/678/678
f 45/760/760 17/678/678 42/759/759
f 42/759/759 17/678/678 11/679/679
f 42/759/759 11/679/679 18/680/680
f 42/759/759 18/680/680 46/758/758
f 46/758/758 18/680/680 22/681/681
f 46/758/758 22/681/681 50/757/757
f 50/757/757 22/681/681 30/682/682
f 50/757/757 30/682/682 58/756/756
f 58/756/756 30/682/682 34/683/683
f 58/756/756 34/683/683 66/755/755
f 66/755/755 34/683/683 52/684/684
f 66/755/755 52/684/684 88/754/754
f 88/754/754 52/684/684 68/685/685
f 88/754/754 68/685/685 104/753/753
f 104/753/753 68/685/685 94/686/686
f 104/753/753 94/686/686 134/752/752
f 134/752/752 94/686/686 128/687/687
f 134/752/752 128/687/687 154/751/751
f 154/751/751 128/687/687 160/688/688
f 154/751/751 160/688/688 178/750/750
f 178/750/750 160/688/688 184/689/689
f 178/750/750 184/689/689 198/749/749
f 198/749/749 184/689/689 204/690/690
f 198/749/749 204/690/690 218/748/748
f 218/748/748 204/690/690 232/691/691
f 218/748/748 232/691/691 238/747/747
f 238/747/747 232/691/691 252/692/692
f 238/747/747 252/692/692 262/746/746
f 262/746/746 252/692/692 276/693/693
f 262/746/746 276/693/693 282/745/745
f 282/745/745 276/693/693 296/694/694
f 282/745/745 296/694/694 302/744/744
f 302/744/744 296/694/694 326/695/695
f 302/744/744 326/695/695 325/743/743
f 325/743/743 326/695/695 342/742/742
f 342/742/742 326/695/695 344/696/696
f 342/742/742 344/696/696 362/741/741
f 362/741/741 344/696/696 364/697/697
f 362/741/741 364/697/697 382/740/740
f 382/740/740 364/697/697 388/698/698
f 382/740/740 388/698/698 406/739/739
f 406/739/739 388/698/698 408/699/699
f 406/739/739 408/699/699 426/738/738
f 426/738/738 408/699/699 436/700/700
f 426/738/738 436/700/700 446/737/737
f 446/737/737 436/700/700 456/701/701
f 446/737/737 456/701/701 466/736/736
f 466/736/736 456/701/701 480/702/702
f 466/736/736 480/702/702 490/735/735
f 490/735/735 480/702/702 512/703/703
f 490/735/735 512/703/703 510/734/734
f 510/734/734 512/703/703 546/704/704
f 510/734/734 546/704/704 540/733/733
f 540/733/733 546/704/704 572/705/705
f 540/733/733 572/705/705 556/732/732
f 556/732/732 572/705/705 588/706/706
f 556/732/732 588/706/706 578/731/731
f 578/731/731 588/706/706 606/707/707
f 578/731/731 606/707/707 586/730/730
f 586/730/730 606/707/707 610/708/708
f 586/730/730 610/708/708 594/729/729
f 594/729/729 610/708/708 618/709/709
f 594/729/729 618/709/709 598/728/728
f 598/728/728 618/709/709 622/710/710
f 598/728/728 622/710/710 600/727/727
f 305/776/776 303/902/902 320/775/775
f 320/775/775 303/902/902 315/903/903
f 320/904/904 315/839/839 337/838/838
f 337/838/838 315/839/839 335/840/840
f 337/838/838 335/840/840 355/841/841
f 305/776/776 285/777/777 303/902/902
f 303/902/902 285/777/777 283/901/901
f 283/901/901 285/777/777 265/778/778
f 283/901/901 265/778/778 263/900/900
f 263/900/900 265/778/778 245/779/779
f 263/900/900 245/779/779 243/899/899
f 243/899/899 245/779/779 229/780/780
f 243/899/899 229/780/780 227/898/898
f 227/898/898 229/780/780 213/781/781
f 227/898/898 213/781/781 211/897/897
f 211/897/897 213/781/781 189/782/782
f 211/897/897 189/782/782 187/896/896
f 187/896/896 189/782/782 169/783/783
f 187/896/896 169/783/783 167/895/895
f 167/895/895 169/783/783 157/784/784
f 167/895/895 157/784/784 155/894/894
f 155/894/894 157/784/784 137/785/785
f 155/894/894 137/785/785 135/893/893
f 135/893/893 137/785/785 117/786/786
f 135/893/893 117/786/786 115/892/892
f 115/892/892 117/786/786 99/787/787
f 115/892/892 99/787/787 97/891/891
f 97/891/891 99/787/787 89/890/890
f 89/890/890 99/787/787 91/788/788
f 89/890/890 91/788/788 79/789/789
f 89/890/890 79/789/789 77/889/889
f 77/889/889 79/789/789 75/790/790
f 77/889/889 75/790/790 73/888/888
f 73/888/888 75/790/790 72/791/791
f 73/888/888 72/791/791 71/887/887
f 71/887/887 72/791/791 76/792/792
f 71/887/887 76/792/792 74/886/886
f 74/886/886 76/792/792 80/793/793
f 74/886/886 80/793/793 78/885/885
f 78/885/885 80/793/793 92/794/794
f 78/885/885 92/794/794 90/884/884
f 90/884/884 92/794/794 100/795/795
f 90/884/884 100/795/795 98/883/883
f 98/883/883 100/795/795 118/796/796
f 98/883/883 118/796/796 116/882/882
f 116/882/882 118/796/796 138/797/797
f 116/882/882 138/797/797 136/881/881
f 136/881/881 138/797/797 158/798/798
f 136/881/881 158/798/798 156/880/880
f 156/880/880 158/798/798 170/799/799
f 156/880/880 170/799/799 168/879/879
f 168/879/879 170/799/799 190/800/800
f 168/879/879 190/800/800 188/878/878
f 188/878/878 190/800/800 212/877/877
f 212/877/877 190/800/800 214/801/801
f 212/877/877 214/801/801 230/802/802
f 212/877/877 230/802/802 228/876/876
f 228/876/876 230/802/802 246/803/803
f 228/876/876 246/803/803 244/875/875
f 244/875/875 246/803/803 266/804/804
f 244/875/875 266/804/804 264/874/874
f 264/874/874 266/804/804 286/805/805
f 264/874/874 286/805/805 284/873/873
f 284/873/873 286/805/805 306/806/806
f 284/873/873 306/806/806 304/872/872
f 304/872/872 306/806/806 321/807/807
f 304/872/872 321/807/807 318/871/871
f 318/871/871 321/807/807 338/808/808
f 318/871/871 338/808/808 336/870/870
f 336/870/870 338/808/808 358/809/809
f 336/870/870 358/809/809 356/869/869
f 356/869/869 358/809/809 378/810/810
f 356/869/869 378/810/810 376/868/868
f 376/868/868 378/810/810 398/811/811
f 376/868/868 398/811/811 396/867/867
f 396/867/867 398/811/811 414/812/812
f 396/867/867 414/812/812 412/866/866
f 412/866/866 414/812/812 430/813/813
f 412/866/866 430/813/813 428/865/865
f 428/865/865 430/813/813 452/864/864
f 452/864/864 430/813/813 454/814/814
f 452/864/864 454/814/814 474/815/815
f 452/864/864 474/815/815 472/863/863
f 472/863/863 474/815/815 486/816/816
f 472/863/863 486/816/816 484/862/862
f 484/862/862 486/816/816 506/817/817
f 484/862/862 506/817/817 504/861/861
f 504/861/861 506/817/817 526/818/818
f 504/861/861 526/818/818 524/860/860
f 524/860/860 526/818/818 544/819/819
f 524/860/860 544/819/819 542/859/859
f 542/859/859 544/819/819 552/820/820
f 542/859/859 552/820/820 550/858/858
f 550/858/858 552/820/820 564/821/821
f 550/858/858 564/821/821 562/857/857
f 562/857/857 564/821/821 568/822/822
f 562/857/857 568/822/822 566/856/856
f 566/856/856 568/822/822 570/823/823
f 566/856/856 570/823/823 569/855/855
f 569/855/855 570/823/823 567/824/824
f 569/855/855 567/824/824 565/854/854
f 565/854/854 567/824/824 563/825/825
f 565/854/854 563/825/825 561/853/853
f 561/853/853 563/825/825 551/826/826
f 561/853/853 551/826/826 549/852/852
f 549/852/852 551/826/826 541/851/851
f 541/851/851 551/826/826 543/827/827
f 541/851/851 543/827/827 525/828/828
f 541/851/851 525/828/828 523/850/850
f 523/850/850 525/828/828 505/829/829
f 523/850/850 505/829/829 503/849/849
f 503/849/849 505/829/829 485/830/830
f 503/849/849 485/830/830 483/848/848
f 483/848/848 485/830/830 473/831/831
f 483/848/848 473/831/831 471/847/847
f 471/847/847 473/831/831 453/832/832
f 471/847/847 453/832/832 451/846/846
f 451/846/846 453/832/832 429/833/833
f 451/846/846 429/833/833 427/845/845
f 427/845/845 429/833/833 413/834/834
f 427/845/845 413/834/834 411/844/844
f 411/844/844 413/834/834 397/835/835
f 411/844/844 397/835/835 395/843/843
f 395/843/843 397/835/835 377/836/836
f 395/843/843 377/836/836 375/842/842
f 375/842/842 377/836/836 357/837/837
f 375/842/842 357/837/837 355/841/841
f 355/841/841 357/837/837 337/838/838
f 299/906/906 305/1032/1032 319/905/905
f 319/905/905 305/1032/1032 320/969/969
f 319/905/905 320/969/969 337/970/970
f 305/1032/1032 299/906/906 285/1031/1031
f 285/1031/1031 299/906/906 279/907/907
f 285/1031/1031 279/907/907 265/1030/1030
f 265/1030/1030 279/907/907 259/908/908
f 265/1030/1030 259/908/908 245/1029/1029
f 245/1029/1029 259/908/908 235/909/909
f 245/1029/1029 235/909/909 229/1028/1028
f 229/1028/1028 235/909/909 215/910/910
f 229/1028/1028 215/910/910 213/1027/1027
f 213/1027/1027 215/910/910 195/911/911
f 213/1027/1027 195/911/911 189/1026/1026
f 189/1026/1026 195/911/911 175/912/912
f 189/1026/1026 175/912/912 169/1025/1025
f 169/1025/1025 175/912/912 151/913/913
f 169/1025/1025 151/913/913 157/1024/1024
f 157/1024/1024 151/913/913 131/914/914
f 157/1024/1024 131/914/914 137/1023/1023
f 137/1023/1023 131/914/914 101/915/915
f 137/1023/1023 101/915/915 117/1022/1022
f 117/1022/1022 101/915/915 85/916/916
f 117/1022/1022 85/916/916 99/1021/1021
f 99/1021/1021 85/916/916 63/917/917
f 99/1021/1021 63/917/917 91/1020/1020
f 91/1020/1020 63/917/917 55/918/918
f 91/1020/1020 55/918/918 79/1019/1019
f 79/1019/1019 55/918/918 47/919/919
f 79/1019/1019 47/919/919 75/1018/1018
f 75/1018/1018 47/919/919 43/920/920
f 75/1018/1018 43/920/920 72/1017/1017
f 72/1017/1017 43/920/920 41/921/921
f 72/1017/1017 41/921/921 44/922/922
f 72/1017/1017 44/922/922 76/1016/1016
f 76/1016/1016 44/922/922 48/923/923
f 76/1016/1016 48/923/923 80/1015/1015
f 80/1015/1015 48/923/923 56/924/924
f 80/1015/1015 56/924/924 92/1014/1014
f 92/1014/1014 56/924/924 64/925/925
f 92/1014/1014 64/925/925 100/1013/1013
f 100/1013/1013 64/925/925 86/926/926
f 100/1013/1013 86/926/926 118/1012/1012
f 118/1012/1012 86/926/926 102/927/927
f 118/1012/1012 102/927/927 138/1011/1011
f 138/1011/1011 102/927/927 132/928/928
f 138/1011/1011 132/928/928 158/1010/1010
f 158/1010/1010 132/928/928 152/929/929
f 158/1010/1010 152/929/929 170/1009/1009
f 170/1009/1009 152/929/929 176/930/930
f 170/1009/1009 176/930/930 190/1008/1008
f 190/1008/1008 176/930/930 196/931/931
f 190/1008/1008 196/931/931 214/1007/1007
f 214/1007/1007 196/931/931 216/932/932
f 214/1007/1007 216/932/932 230/1006/1006
f 230/1006/1006 216/932/932 236/933/933
f 230/1006/1006 236/933/933 246/1005/1005
f 246/1005/1005 236/933/933 260/934/934
f 246/1005/1005 260/934/934 266/1004/1004
f 266/1004/1004 260/934/934 280/935/935
f 266/1004/1004 280/935/935 286/1003/1003
f 286/1003/1003 280/935/935 300/936/936
f 286/1003/1003 300/936/936 306/1002/1002
f 306/1002/1002 300/936/936 322/937/937
f 306/1002/1002 322/937/937 321/1001/1001
f 321/1001/1001 322/937/937 338/1000/1000
f 338/1000/1000 322/937/937 340/938/938
f 338/1000/1000 340/938/938 358/999/999
f 358/999/999 340/938/938 360/939/939
f 358/999/999 360/939/939 378/998/998
f 378/998/998 360/939/939 380/940/940
f 378/998/998 380/940/940 398/997/997
f 398/997/997 380/940/940 404/941/941
f 398/997/997 404/941/941 414/996/996
f 414/996/996 404/941/941 424/942/942
f 414/996/996 424/942/942 430/995/995
f 430/995/995 424/942/942 444/943/943
f 430/995/995 444/943/943 454/994/994
f 454/994/994 444/943/943 464/944/944
f 454/994/994 464/944/944 474/993/993
f 474/993/993 464/944/944 488/945/945
f 474/993/993 488/945/945 486/992/992
f 486/992/992 488/945/945 508/946/946
f 486/992/992 508/946/946 506/991/991
f 506/991/991 508/946/946 538/947/947
f 506/991/991 538/947/947 526/990/990
f 526/990/990 538/947/947 554/948/948
f 526/990/990 554/948/948 544/989/989
f 544/989/989 554/948/948 576/949/949
f 544/989/989 576/949/949 552/988/988
f 552/988/988 576/949/949 584/950/950
f 552/988/988 584/950/950 564/987/987
f 564/987/987 584/950/950 592/951/951
f 564/987/987 592/951/951 568/986/986
f 568/986/986 592/951/951 596/952/952
f 568/986/986 596/952/952 570/985/985
f 570/985/985 596/952/952 599/953/953
f 570/985/985 599/953/953 595/954/954
f 570/985/985 595/954/954 567/984/984
f 567/984/984 595/954/954 591/955/955
f 567/984/984 591/955/955 563/983/983
f 563/983/983 591/955/955 583/956/956
f 563/983/983 583/956/956 551/982/982
f 551/982/982 583/956/956 575/957/957
f 551/982/982 575/957/957 543/981/981
f 543/981/981 575/957/957 553/958/958
f 543/981/981 553/958/958 525/980/980
f 525/980/980 553/958/958 537/959/959
f 525/980/980 537/959/959 505/979/979
f 505/979/979 537/959/959 507/960/960
f 505/979/979 507/960/960 485/978/978
f 485/978/978 507/960/960 487/961/961
f 485/978/978 487/961/961 473/977/977
f 473/977/977 487/961/961 463/962/962
f 473/977/977 463/962/962 453/976/976
f 453/976/976 463/962/962 443/963/963
f 453/976/976 443/963/963 429/975/975
f 429/975/975 443/963/963 423/964/964
f 429/975/975 423/964/964 413/974/974
f 413/974/974 423/964/964 403/965/965
f 413/974/974 403/965/965 397/973/973
f 397/973/973 403/965/965 379/966/966
f 397/973/973 379/966/966 377/972/972
f 377/972/972 379/966/966 359/967/967
f 377/972/972 359/967/967 357/971/971
f 357/971/971 359/967/967 339/968/968
f 357/971/971 339/968/968 337/970/970
f 337/970/970 339/968/968 319/905/905
f 309/1034/1034 307/1160/1160 316/1033/1033
f 316/1033/1033 307/1160/1160 313/1161/1161
f 316/1162/1162 313/1097/1097 333/1096/1096
f 333/1096/1096 313/1097/1097 331/1098/1098
f 333/1096/1096 331/1098/1098 351/1099/1099
f 309/1034/1034 289/1035/1035 307/1160/1160
f 307/1160/1160 289/1035/1035 287/1159/1159
f 287/1159/1159 289/1035/1035 269/1036/1036
f 287/1159/1159 269/1036/1036 267/1158/1158
f 267/1158/1158 269/1036/1036 257/1037/1037
f 267/1158/1158 257/1037/1037 255/1157/1157
f 255/1157/1157 257/1037/1037 241/1038/1038
f 255/1157/1157 241/1038/1038 239/1156/1156
f 239/1156/1156 241/1038/1038 221/1039/1039
f 239/1156/1156 221/1039/1039 219/1155/1155
f 219/1155/1155 221/1039/1039 209/1040/1040
f 219/1155/1155 209/1040/1040 207/1154/1154
f 207/1154/1154 209/1040/1040 193/1041/1041
f 207/1154/1154 193/1041/1041 191/1153/1153
f 191/1153/1153 193/1041/1041 181/1042/1042
f 191/1153/1153 181/1042/1042 179/1152/1152
f 179/1152/1152 181/1042/1042 163/1151/1151
f 163/1151/1151 181/1042/1042 165/1043/1043
f 163/1151/1151 165/1043/1043 149/1044/1044
f 163/1151/1151 149/1044/1044 147/1150/1150
f 147/1150/1150 149/1044/1044 141/1045/1045
f 147/1150/1150 141/1045/1045 139/1149/1149
f 139/1149/1149 141/1045/1045 125/1046/1046
f 139/1149/1149 125/1046/1046 123/1148/1148
f 123/1148/1148 125/1046/1046 121/1047/1047
f 123/1148/1148 121/1047/1047 119/1147/1147
f 119/1147/1147 121/1047/1047 113/1048/1048
f 119/1147/1147 113/1048/1048 111/1146/1146
f 111/1146/1146 113/1048/1048 110/1049/1049
f 111/1146/1146 110/1049/1049 109/1145/1145
f 109/1145/1145 110/1049/1049 114/1050/1050
f 109/1145/1145 114/1050/1050 112/1144/1144
f 112/1144/1144 114/1050/1050 122/1051/1051
f 112/1144/1144 122/1051/1051 120/1143/1143
f 120/1143/1143 122/1051/1051 124/1142/1142
f 124/1142/1142 122/1051/1051 126/1052/1052
f 124/1142/1142 126/1052/1052 142/1053/1053
f 124/1142/1142 142/1053/1053 140/1141/1141
f 140/1141/1141 142/1053/1053 150/1054/1054
f 140/1141/1141 150/1054/1054 148/1140/1140
f 148/1140/1140 150/1054/1054 166/1055/1055
f 148/1140/1140 166/1055/1055 164/1139/1139
f 164/1139/1139 166/1055/1055 182/1056/1056
f 164/1139/1139 182/1056/1056 180/1138/1138
f 180/1138/1138 182/1056/1056 194/1057/1057
f 180/1138/1138 194/1057/1057 192/1137/1137
f 192/1137/1137 194/1057/1057 210/1058/1058
f 192/1137/1137 210/1058/1058 208/1136/1136
f 208/1136/1136 210/1058/1058 222/1059/1059
f 208/1136/1136 222/1059/1059 220/1135/1135
f 220/1135/1135 222/1059/1059 242/1060/1060
f 220/1135/1135 242/1060/1060 240/1134/1134
f 240/1134/1134 242/1060/1060 256/1133/1133
f 256/1133/1133 242/1060/1060 258/1061/1061
f 256/1133/1133 258/1061/1061 270/1062/1062
f 256/1133/1133 270/1062/1062 268/1132/1132
f 268/1132/1132 270/1062/1062 290/1063/1063
f 268/1132/1132 290/1063/1063 288/1131/1131
f 288/1131/1131 290/1063/1063 310/1064/1064
f 288/1131/1131 310/1064/1064 308/1130/1130
f 308/1130/1130 310/1064/1064 317/1065/1065
f 308/1130/1130 317/1065/1065 314/1129/1129
f 314/1129/1129 317/1065/1065 334/1066/1066
f 314/1129/1129 334/1066/1066 332/1128/1128
f 332/1128/1128 334/1066/1066 354/1067/1067
f 332/1128/1128 354/1067/1067 352/1127/1127
f 352/1127/1127 354/1067/1067 374/1068/1068
f 352/1127/1127 374/1068/1068 372/1126/1126
f 372/1126/1126 374/1068/1068 386/1069/1069
f 372/1126/1126 386/1069/1069 384/1125/1125
f 384/1125/1125 386/1069/1069 400/1124/1124
f 400/1124/1124 386/1069/1069 402/1070/1070
f 400/1124/1124 402/1070/1070 422/1071/1071
f 400/1124/1124 422/1071/1071 420/1123/1123
f 420/1123/1123 422/1071/1071 434/1072/1072
f 420/1123/1123 434/1072/1072 432/1122/1122
f 432/1122/1122 434/1072/1072 450/1073/1073
f 432/1122/1122 450/1073/1073 448/1121/1121
f 448/1121/1121 450/1073/1073 462/1074/1074
f 448/1121/1121 462/1074/1074 460/1120/1120
f 460/1120/1120 462/1074/1074 478/1075/1075
f 460/1120/1120 478/1075/1075 476/1119/1119
f 476/1119/1119 478/1075/1075 494/1076/1076
f 476/1119/1119 494/1076/1076 492/1118/1118
f 492/1118/1118 494/1076/1076 502/1077/1077
f 492/1118/1118 502/1077/1077 500/1117/1117
f 500/1117/1117 502/1077/1077 518/1078/1078
f 500/1117/1117 518/1078/1078 516/1116/1116
f 516/1116/1116 518/1078/1078 520/1115/1115
f 520/1115/1115 518/1078/1078 522/1079/1079
f 520/1115/1115 522/1079/1079 530/1080/1080
f 520/1115/1115 530/1080/1080 528/1114/1114
f 528/1114/1114 530/1080/1080 532/1081/1081
f 528/1114/1114 532/1081/1081 531/1113/1113
f 531/1113/1113 532/1081/1081 529/1082/1082
f 531/1113/1113 529/1082/1082 527/1112/1112
f 527/1112/1112 529/1082/1082 521/1083/1083
f 527/1112/1112 521/1083/1083 519/1111/1111
f 519/1111/1111 521/1083/1083 517/1084/1084
f 519/1111/1111 517/1084/1084 515/1110/1110
f 515/1110/1110 517/1084/1084 501/1085/1085
f 515/1110/1110 501/1085/1085 499/1109/1109
f 499/1109/1109 501/1085/1085 493/1086/1086
f 499/1109/1109 493/1086/1086 491/1108/1108
f 491/1108/1108 493/1086/1086 477/1087/1087
f 491/1108/1108 477/1087/1087 475/1107/1107
f 475/1107/1107 477/1087/1087 459/1106/1106
f 459/1106/1106 477/1087/1087 461/1088/1088
f 459/1106/1106 461/1088/1088 449/1089/1089
f 459/1106/1106 449/1089/1089 447/1105/1105
f 447/1105/1105 449/1089/1089 433/1090/1090
f 447/1105/1105 433/1090/1090 431/1104/1104
f 431/1104/1104 433/1090/1090 421/1091/1091
f 431/1104/1104 421/1091/1091 419/1103/1103
f 419/1103/1103 421/1091/1091 401/1092/1092
f 419/1103/1103 401/1092/1092 399/1102/1102
f 399/1102/1102 401/1092/1092 385/1093/1093
f 399/1102/1102 385/1093/1093 383/1101/1101
f 383/1101/1101 385/1093/1093 373/1094/1094
f 383/1101/1101 373/1094/1094 371/1100/1100
f 371/1100/1100 373/1094/1094 353/1095/1095
f 371/1100/1100 353/1095/1095 351/1099/1099
f 351/1099/1099 353/1095/1095 333/1096/1096
f 303/1164/1164 309/1290/1290 315/1163/1163
f 315/1163/1163 309/1290/1290 316/1227/1227
f 315/1163/1163 316/1227/1227 333/1228/1228
f 309/1290/1290 303/1164/1164 289/1289/1289
f 289/1289/1289 303/1164/1164 283/1165/1165
f 289/1289/1289 283/1165/1165 269/1288/1288
f 269/1288/1288 283/1165/1165 263/1166/1166
f 269/1288/1288 263/1166/1166 257/1287/1287
f 257/1287/1287 263/1166/1166 243/1167/1167
f 257/1287/1287 243/1167/1167 241/1286/1286
f 241/1286/1286 243/1167/1167 227/1168/1168
f 241/1286/1286 227/1168/1168 221/1285/1285
f 221/1285/1285 227/1168/1168 211/1169/1169
f 221/1285/1285 211/1169/1169 209/1284/1284
f 209/1284/1284 211/1169/1169 187/1170/1170
f 209/1284/1284 187/1170/1170 193/1283/1283
f 193/1283/1283 187/1170/1170 167/1171/1171
f 193/1283/1283 167/1171/1171 181/1282/1282
f 181/1282/1282 167/1171/1171 155/1172/1172
f 181/1282/1282 155/1172/1172 165/1281/1281
f 165/1281/1281 155/1172/1172 135/1173/1173
f 165/1281/1281 135/1173/1173 149/1280/1280
f 149/1280/1280 135/1173/1173 115/1174/1174
f 149/1280/1280 115/1174/1174 141/1279/1279
f 141/1279/1279 115/1174/1174 97/1175/1175
f 141/1279/1279 97/1175/1175 125/1278/1278
f 125/1278/1278 97/1175/1175 89/1176/1176
f 125/1278/1278 89/1176/1176 121/1277/1277
f 121/1277/1277 89/1176/1176 77/1177/1177
f 121/1277/1277 77/1177/1177 113/1276/1276
f 113/1276/1276 77/1177/1177 73/1178/1178
f 113/1276/1276 73/1178/1178 110/1275/1275
f 110/1275/1275 73/1178/1178 71/1179/1179
f 110/1275/1275 71/1179/1179 74/1180/1180
f 110/1275/1275 74/1180/1180 114/1274/1274
f 114/1274/1274 74/1180/1180 78/1181/1181
f 114/1274/1274 78/1181/1181 122/1273/1273
f 122/1273/1273 78/1181/1181 90/1182/1182
f 122/1273/1273 90/1182/1182 126/1272/1272
f 126/1272/1272 90/1182/1182 98/1183/1183
f 126/1272/1272 98/1183/1183 142/1271/1271
f 142/1271/1271 98/1183/1183 116/1184/1184
f 142/1271/1271 116/1184/1184 150/1270/1270
f 150/1270/1270 116/1184/1184 136/1185/1185
f 150/1270/1270 136/1185/1185 166/1269/1269
f 166/1269/1269 136/1185/1185 156/1186/1186
f 166/1269/1269 156/1186/1186 182/1268/1268
f 182/1268/1268 156/1186/1186 168/1187/1187
f 182/1268/1268 168/1187/1187 194/1267/1267
f 194/1267/1267 168/1187/1187 188/1188/1188
f 194/1267/1267 188/1188/1188 210/1266/1266
f 210/1266/1266 188/1188/1188 212/1189/1189
f 210/1266/1266 212/1189/1189 222/1265/1265
f 222/1265/1265 212/1189/1189 228/1190/1190
f 222/1265/1265 228/1190/1190 242/1264/1264
f 242/1264/1264 228/1190/1190 244/1191/1191
f 242/1264/1264 244/1191/1191 258/1263/1263
f 258/1263/1263 244/1191/1191 264/1192/1192
f 258/1263/1263 264/1192/1192 270/1262/1262
f 270/1262/1262 264/1192/1192 284/1193/1193
f 270/1262/1262 284/1193/1193 290/1261/1261
f 290/1261/1261 284/1193/1193 304/1194/1194
f 290/1261/1261 304/1194/1194 310/1260/1260
f 310/1260/1260 304/1194/1194 318/1195/1195
f 310/1260/1260 318/1195/1195 317/1259/1259
f 317/1259/1259 318/1195/1195 334/1258/1258
f 334/1258/1258 318/1195/1195 336/1196/1196
f 334/1258/1258 336/1196/1196 354/1257/1257
f 354/1257/1257 336/1196/1196 356/1197/1197
f 354/1257/1257 356/1197/1197 374/1256/1256
f 374/1256/1256 356/1197/1197 376/1198/1198
f 374/1256/1256 376/1198/1198 386/1255/1255
f 386/1255/1255 376/1198/1198 396/1199/1199
f 386/1255/1255 396/1199/1199 402/1254/1254
f 402/1254/1254 396/1199/1199 412/1200/1200
f 402/1254/1254 412/1200/1200 422/1253/1253
f 422/1253/1253 412/1200/1200 428/1201/1201
f 422/1253/1253 428/1201/1201 434/1252/1252
f 434/1252/1252 428/1201/1201 452/1202/1202
f 434/1252/1252 452/1202/1202 450/1251/1251
f 450/1251/1251 452/1202/1202 472/1203/1203
f 450/1251/1251 472/1203/1203 462/1250/1250
f 462/1250/1250 472/1203/1203 484/1204/1204
f 462/1250/1250 484/1204/1204 478/1249/1249
f 478/1249/1249 484/1204/1204 504/1205/1205
f 478/1249/1249 504/1205/1205 494/1248/1248
f 494/1248/1248 504/1205/1205 524/1206/1206
f 494/1248/1248 524/1206/1206 502/1247/1247
f 502/1247/1247 524/1206/1206 542/1207/1207
f 502/1247/1247 542/1207/1207 518/1246/1246
f 518/1246/1246 542/1207/1207 550/1208/1208
f 518/1246/1246 550/1208/1208 522/1245/1245
f 522/1245/1245 550/1208/1208 562/1209/1209
f 522/1245/1245 562/1209/1209 530/1244/1244
f 530/1244/1244 562/1209/1209 566/1210/1210
f 530/1244/1244 566/1210/1210 532/1243/1243
f 532/1243/1243 566/1210/1210 569/1211/1211
f 532/1243/1243 569/1211/1211 565/1212/1212
f 532/1243/1243 565/1212/1212 529/1242/1242
f 529/1242/1242 565/1212/1212 561/1213/1213
f 529/1242/1242 561/1213/1213 521/1241/1241
f 521/1241/1241 561/1213/1213 549/1214/1214
f 521/1241/1241 549/1214/1214 517/1240/1240
f 517/1240/1240 549/1214/1214 541/1215/1215
f 517/1240/1240 541/1215/1215 501/1239/1239
f 501/1239/1239 541/1215/1215 523/1216/1216
f 501/1239/1239 523/1216/1216 493/1238/1238
f 493/1238/1238 523/1216/1216 503/1217/1217
f 493/1238/1238 503/1217/1217 477/1237/1237
f 477/1237/1237 503/1217/1217 483/1218/1218
f 477/1237/1237 483/1218/1218 461/1236/1236
f 461/1236/1236 483/1218/1218 471/1219/1219
f 461/1236/1236 471/1219/1219 449/1235/1235
f 449/1235/1235 471/1219/1219 451/1220/1220
f 449/1235/1235 451/1220/1220 433/1234/1234
f 433/1234/1234 451/1220/1220 427/1221/1221
f 433/1234/1234 427/1221/1221 421/1233/1233
f 421/1233/1233 427/1221/1221 411/1222/1222
f 421/1233/1233 411/1222/1222 401/1232/1232
f 401/1232/1232 411/1222/1222 395/1223/1223
f 401/1232/1232 395/1223/1223 385/1231/1231
f 385/1231/1231 395/1223/1223 375/1224/1224
f 385/1231/1231 375/1224/1224 373/1230/1230
f 373/1230/1230 375/1224/1224 355/1225/1225
f 373/1230/1230 355/1225/1225 353/1229/1229
f 353/1229/1229 355/1225/1225 335/1226/1226
f 353/1229/1229 335/1226/1226 333/1228/1228
f 333/1228/1228 335/1226/1226 315/1163/1163
# 640 vertices
# 1290 texture params
# 1290 normals
# 1276 facets

# 1 groups
